Model,Organization,Country (of organization),Publication date,Year,Domain,Training compute (FLOP),log10_training_compute,Parameters,Training compute cost (2023 USD),Open model weights?,Open_Status,Model accessibility,Frontier model
LSTM+NeuralCache,"KU Leuven,ESAT - PSI,Apple","Belgium,Belgium,United States of America",2018-09-24,2018,Language,982800000000000.0,14.992465147808044,2100000.0,,No,Cerrado,Unreleased,
Multi-cell LSTM,University of Hyderabad,India,2018-11-15,2018,Language,2006640000000000.0,15.302469465144572,7200000.0,,No,Cerrado,Unreleased,
ELMo,"University of Washington,Allen Institute for AI","United States of America,United States of America",2018-02-01,2018,Language,3300100000000010.0,15.518527100117337,94000000.0,,,Sin dato,,
Fine-tuned-AWD-LSTM-DOC (fin),Samsung R&D Institute Russia,Russia,2018-11-12,2018,Language,5.188e+16,16.71499996741204,46000000.0,,No,Cerrado,Unreleased,
aLSTM(depth-2)+RecurrentPolicy (WT2),"University of Manchester,Alan Turing Institute","United Kingdom of Great Britain and Northern Ireland,United Kingdom of Great Britain and Northern Ireland",2018-05-22,2018,Language,7.296e+16,16.86308482532036,32000000.0,,No,Cerrado,Unreleased,
Dropout-LSTM+Noise(Bernoulli) (WT2),"Columbia University,New York University (NYU),Princeton University","United States of America,United States of America,United States of America",2018-05-03,2018,Language,1.27e+17,17.103803720955955,51000000.0,,No,Cerrado,Unreleased,
4 layer QRNN (h=2500),Salesforce Research,United States of America,2018-03-22,2018,Language,5.9158815e+17,17.772019466134264,151000000.0,,No,Cerrado,Unreleased,
(ensemble): AWD-LSTM-DOC (fin) × 5 (WT2),"NTT Communication Science Laboratories,Tohoku University","Japan,Japan",2018-08-30,2018,Language,6.66e+17,17.8234742291703,185000000.0,,Yes,Abierto,Open weights (unrestricted),
QRNN,Salesforce Research,United States of America,2018-02-01,2018,Language,6.8866472e+17,17.838007834834045,135000000.0,,No,Cerrado,Unreleased,
TrellisNet,"Carnegie Mellon University (CMU),Bosch Center for Artificial Intelligence,Intel Labs","United States of America,Germany,United States of America",2018-10-15,2018,Language,2.78e+18,18.444044795918078,180000000.0,,No,Cerrado,Unreleased,
Transformer + Simple Recurrent Unit,"ASAPP,Cornell University,Google,Princeton University","United States of America,United States of America,United States of America,United States of America",2018-09-17,2018,Language,1.1e+19,19.041392685158225,90000000.0,$45.37,No,Cerrado,Unreleased,
GPT-1,OpenAI,United States of America,2018-06-01,2018,Language,1.7578125e+19,19.244972548463494,117000000.0,,Yes,Abierto,Open weights (unrestricted),
Transformer (Adaptive Input Embeddings) WT103,Facebook AI Research,"United States of America,France",2018-09-28,2018,Language,4.47e+19,19.650307523131936,247000000.0,$2880.92,Yes,Abierto,Open weights (unrestricted),
Mesh-TensorFlow Transformer 2.9B (translation),Google Brain,United States of America,2018-11-05,2018,Language,6.84288e+19,19.83523892406839,2900000000.0,$395.72,No,Cerrado,Unreleased,
Mesh-TensorFlow Transformer 4.9B (language),Google Brain,United States of America,2018-11-05,2018,Language,1.617408e+20,20.20881958688098,4900000000.0,$935.33,No,Cerrado,Unreleased,
BERT-Large,Google,United States of America,2018-10-11,2018,Language,2.85e+20,20.45484486000851,340000000.0,$1751.48,Yes,Abierto,Open weights (unrestricted),
Big Transformer for Back-Translation,"Facebook AI Research,Google Brain","United States of America,France,United States of America",2018-08-28,2018,Language,4.7808e+20,20.679500575799285,,$2442.16,Yes,Abierto,Open weights (unrestricted),
MMLSTM (PTB),"Beijing University of Posts and Telecommunications,University of West London","China,United Kingdom of Great Britain and Northern Ireland",2019-12-05,2019,Language,5.8298782e+16,16.765659481410736,21300000.0,,No,Cerrado,Unreleased,
MMLSTM (WT-2),"Beijing University of Posts and Telecommunications,University of West London","China,United Kingdom of Great Britain and Northern Ireland",2019-12-05,2019,Language,1.938e+17,17.287353772714745,32300000.0,,No,Cerrado,Unreleased,
AWD-LSTM + MoS + Partial Shuffled,University of Texas at Austin,United States of America,2019-06-10,2019,Language,3.15e+17,17.4983105537896,35000000.0,,Yes,Abierto,Open weights (non-commercial),
AWD-LSTM-DRILL + dynamic evaluation† (WT2),IDIAP,Switzerland,2019-05-14,2019,Language,4.08e+17,17.61066016308988,34000000.0,,Yes,Abierto,Open weights (unrestricted),
WeNet (Penn Treebank),Amazon,United States of America,2019-04-08,2019,Language,7.30000001e+17,17.86332286071538,23000000.0,,No,Cerrado,Unreleased,
Transformer-XL DeFINE (141M),"University of Washington,Allen Institute for AI","United States of America,United States of America",2019-11-27,2019,Language,1.74276e+18,18.24123758340818,141000000.0,,No,Cerrado,Unreleased,
Cross-lingual alignment,"Tel Aviv University,Massachusetts Institute of Technology (MIT)","Israel,United States of America",2019-04-04,2019,Language,2.56e+18,18.40823996531185,,,Yes,Abierto,Open weights (unrestricted),
DistilBERT,Hugging Face,United States of America,2019-10-02,2019,Language,1.24416e+19,19.094876234574144,66000000.0,,Yes,Abierto,Open weights (unrestricted),
Sandwich Transformer,"Allen Institute for AI,Facebook AI Research","United States of America,United States of America,France",2019-11-10,2019,Language,2.3504093e+19,19.371143496847598,209000000.0,,No,Cerrado,Unreleased,
Base LM + kNN LM + Continuous Cache,"Stanford University,Facebook AI Research","United States of America,United States of America,France",2019-11-01,2019,Language,3.0529200000000004e+19,19.484715424012464,247000000.0,,No,Cerrado,Unreleased,
SciBERT,Allen Institute for AI,United States of America,2019-03-26,2019,Language,8.926848e+19,19.950698139980172,110000000.0,$247.26,Yes,Abierto,Open weights (unrestricted),
BERT-Large-CAS (PTB+WT2+WT103),Amazon,United States of America,2019-04-20,2019,Language,1.5405e+20,20.18766170265296,395000000.0,,No,Cerrado,Unreleased,
Transformer-XL (257M),"Carnegie Mellon University (CMU),Google Brain","United States of America,United States of America",2019-01-09,2019,Language,3.7832771e+20,20.577868151653217,257000000.0,,Yes,Abierto,Open weights (unrestricted),
Transformer-XL Large + Phrase Induction,"Massachusetts Institute of Technology (MIT),University of Illinois Urbana-Champaign (UIUC)","United States of America,United States of America",2019-06-04,2019,Language,3.7848651e+20,20.57805040500659,257000000.0,,No,Cerrado,Unreleased,
CamemBERT,"Facebook,INRIA,Sorbonne University","United States of America,France,France",2019-11-10,2019,Language,8.3e+20,20.919078092376076,335000000.0,$2319.54,Yes,Abierto,Open weights (unrestricted),
GPT-2 (1.5B),OpenAI,United States of America,2019-02-14,2019,Language,1.920000000001e+21,21.283301228703777,1500000000.0,$4348.44,Yes,Abierto,Open weights (unrestricted),
XLNet,"Carnegie Mellon University (CMU),Google Brain","United States of America,United States of America",2019-06-01,2019,Language,6.19e+21,21.79169064902012,340000000.0,$13644.96,Yes,Abierto,Open weights (unrestricted),checked
RoBERTa Large,"Facebook,University of Washington","United States of America,United States of America",2019-07-01,2019,Language,8.5067e+21,21.929761117107013,355000000.0,$85350.24,Yes,Abierto,Open weights (unrestricted),checked
T5-3B,Google,United States of America,2019-10-23,2019,Language,9.0000000001e+21,21.95424250944415,2800000000.0,$17420.71,Yes,Abierto,Open weights (unrestricted),checked
Megatron-LM (8.3B),NVIDIA,United States of America,2019-09-17,2019,Language,9.1e+21,21.959041392321094,8300000000.0,$109287.56,No,Cerrado,Unreleased,checked
Megatron-LM (1.2B),NVIDIA,United States of America,2019-09-17,2019,Language,1.13e+22,22.053078443483418,1200000000.0,,No,Cerrado,Unreleased,
XLM-RoBERTa,Facebook AI,United States of America,2019-11-05,2019,Language,2.076e+22,22.31722734917642,550000000.0,$77861.32,Yes,Abierto,Open weights (non-commercial),checked
Megatron-BERT,NVIDIA,United States of America,2019-09-17,2019,Language,2.2e+22,22.342422680822207,3900000000.0,$171818.64,No,Cerrado,Unreleased,checked
T5-11B,Google,United States of America,2019-10-23,2019,Language,3.3e+22,22.518513939877888,11000000000.0,$78464.68,Yes,Abierto,Open weights (unrestricted),checked
CT-MoS (WT2),"Google,National Tsing Hua University","United States of America,Taiwan",2020-12-25,2020,Language,5.4e+17,17.73239375982297,45000000.0,,No,Cerrado,Unreleased,
Tensor-Transformer(1core)+PN (WT103),University of California (UC) Berkeley,United States of America,2020-03-17,2020,Language,1.58e+18,18.198657086954423,85300000.0,,Yes,Abierto,Open weights (unrestricted),
DensePhrases,"Korea University,Princeton University","Korea (Republic of),United States of America",2020-12-23,2020,Language,2.09952e+18,18.322120016077207,,,Yes,Abierto,Open weights (unrestricted),
DeLighT,"University of Washington,Allen Institute for AI,Facebook AI Research","United States of America,United States of America,United States of America,France",2020-08-03,2020,Language,3.8016e+18,18.579966418965082,99000000.0,,No,Cerrado,Unreleased,
Feedback Transformer,"LORIA,University of Lorraine,Facebook AI Research","France,France,United States of America,France",2020-02-21,2020,Language,7.690547e+18,18.885957230650984,126000000.0,,No,Cerrado,Unreleased,
UnifiedQA,"Allen Institute for AI,University of Washington","United States of America,United States of America",2020-05-02,2020,Language,1.65e+19,19.217483944213907,11000000000.0,$59.12,Yes,Abierto,Open weights (unrestricted),
TransformerXL + spectrum control,"University of California Los Angeles (UCLA),JD.com","United States of America,China",2020-03-11,2020,Language,2.6289761e+19,19.41978663795676,151000000.0,,No,Cerrado,Unreleased,
TaLK Convolution,Carleton University,Canada,2020-02-08,2020,Language,2.6990346e+19,19.431208451986215,240000000.0,,No,Cerrado,Unreleased,
ERNIE-Doc (247M),Baidu,China,2020-12-31,2020,Language,3.0302798e+19,19.48148273080785,247000000.0,,Yes,Abierto,Open weights (unrestricted),
FFN SwiGLU,Google,United States of America,2020-02-14,2020,Language,3.3687317e+19,19.52746642331431,220000000.0,,No,Cerrado,Unreleased,
ERNIE-GEN (large),Baidu,China,2020-08-06,2020,Language,2e+20,20.30102999566398,340000000.0,,Yes,Abierto,Open weights (non-commercial),
CPM-Large,"Tsinghua University,Beijing Academy of Artificial Intelligence / BAAI","China,China",2020-12-01,2020,Language,2.6052e+20,20.415841069502044,2600000000.0,$7340.10,Yes,Abierto,Open weights (unrestricted),
German ELECTRA Large,"deepset,Bayerische Staatsbibliothek Muenchen","Germany,Germany",2020-10-21,2020,Language,1.42829568e+21,21.154818122636097,335000000.0,$2392.29,Yes,Abierto,Open weights (unrestricted),
KEPLER,"Tsinghua University,Mila - Quebec AI (originally Montreal Institute for Learning Algorithms),HEC,CIFAR AI Research,Princeton University,University of Montreal / Université de Montréal","China,Canada,France,Canada,United States of America,Canada",2020-11-23,2020,Language,1.66e+21,21.220108088040057,125000000.0,,No,Cerrado,Unreleased,
ALBERT-xxlarge,"Toyota Technological Institute at Chicago,Google","United States of America,United States of America",2020-02-09,2020,Language,2.39e+21,21.378397900948137,235000000.0,$4439.92,Yes,Abierto,Open weights (unrestricted),
ELECTRA,"Stanford University,Google,Google Brain","United States of America,United States of America,United States of America",2020-03-23,2020,Language,3.0999999999999995e+21,21.49136169383427,335000000.0,,Yes,Abierto,Open weights (unrestricted),
Turing-NLG,Microsoft,United States of America,2020-02-13,2020,Language,1.57e+22,22.195899652409235,17000000000.0,$51659.71,No,Cerrado,Unreleased,
LUKE,"University of Washington,National Institute of Informatics","United States of America,Japan",2020-10-02,2020,Language,1.8144e+22,22.258733037212814,483000000.0,$4186.38,Yes,Abierto,Open weights (unrestricted),
GShard (dense),Google,United States of America,2020-06-30,2020,Language,4.765e+22,22.678062904974347,2300000000.0,$266200.03,No,Cerrado,Unreleased,checked
mT5-XXL,"Google,Google Research","United States of America,United States of America",2020-10-20,2020,Language,8.2e+22,22.913813852383715,13000000000.0,$179442.03,Yes,Abierto,Open weights (unrestricted),checked
Meena,Google Brain,United States of America,2020-01-28,2020,Language,1.12e+23,23.049218022670182,2600000000.0,$214809.91,No,Cerrado,Unreleased,checked
GPT-3 175B (davinci),OpenAI,United States of America,2020-05-28,2020,Language,3.14e+23,23.496929648073216,174600000000.0,$2116866.24,No,Cerrado,API access,checked
PermuteFormer,Peking University,China,2021-09-06,2021,Language,2.775e+18,18.443262987458695,149697024.0,,No,Cerrado,Unreleased,
SRU++ Large,ASAPP,United States of America,2021-02-24,2021,Language,2.1173704e+19,19.325796837521114,234000000.0,,Yes,Abierto,Open weights (unrestricted),
base LM+GNN+kNN,"Shannon.AI,Nanjing University,Nanyang Technological University,Zhejiang University (ZJU)","China,China,Singapore,China",2021-10-17,2021,Language,5.2587456e+19,19.720882161650387,274000000.0,,Yes,Abierto,Open weights (unrestricted),
S4,Stanford University,United States of America,2021-10-31,2021,Language,7.8328627e+19,19.89392051398612,249000000.0,,Yes,Abierto,Open weights (unrestricted),
Adaptive Input Transformer + RD,"Microsoft Research Asia,Soochow University","China,Taiwan",2021-06-28,2021,Language,8.58e+19,19.933487287848706,247000000.0,,No,Cerrado,Unreleased,
Contriever,"Meta AI,University College London (UCL),PSL University,Université Grenoble Alpes","United States of America,United Kingdom of Great Britain and Northern Ireland,France,France",2021-12-16,2021,Language,1.57e+20,20.195899652409235,110000000.0,,Yes,Abierto,Open weights (non-commercial),
Zidong Taichu,"Chinese Academy of Sciences,Wuhan AI Computing Center","China,China",2021-08-11,2021,"Multimodal,Speech,Vision,Language",8.015999999999999e+20,20.90395770852317,3200000000.0,,Yes,Abierto,Open weights (unrestricted),
CodeT5-base,"Salesforce,Nanyang Technological University","United States of America,Singapore",2021-11-01,2021,Language,1.56e+21,21.193124598354462,220000000.0,$3114.87,Yes,Abierto,Open weights (unrestricted),
EMDR,"Mila - Quebec AI (originally Montreal Institute for Learning Algorithms),McGill University,DeepMind","Canada,Canada,United Kingdom of Great Britain and Northern Ireland",2021-06-09,2021,Language,1.91e+21,21.281033367247726,440000000.0,$2773.31,Yes,Abierto,Open weights (unrestricted),
M6-T,Alibaba,China,2021-03-05,2021,"Multimodal,Language,Vision",5.5e+21,21.740362689494244,1002700000000.0,$13156.86,No,Cerrado,Unreleased,
NÜWA,"Microsoft Research,Peking University","United States of America,China",2021-11-24,2021,"Multimodal,Vision,Image generation,Video,Language",7.24598784e+21,21.860097600879122,870000000.0,,No,Cerrado,Unreleased,
PLATO-XL,Baidu,China,2021-09-20,2021,Language,9.9e+21,21.99563519459755,11000000000.0,,Yes,Abierto,Open weights (unrestricted),
CLIP (ViT L/14@336px),OpenAI,United States of America,2021-01-05,2021,"Multimodal,Vision,Language,Video",1.05e+22,22.02118929906994,370000000.0,$24638.52,Yes,Abierto,Open weights (unrestricted),
Generative BST,Facebook AI Research,"United States of America,France",2021-03-05,2021,Language,1.449e+22,22.161068385471175,9431810048.0,,Yes,Abierto,Open weights (unrestricted),
ERNIE 3.0,Baidu,China,2021-07-05,2021,Language,2.25e+22,22.352182518111363,10000000000.0,$39104.27,Yes,Abierto,Open weights (unrestricted),
XGLM-7.5B,"Meta AI,Facebook AI Research","United States of America,United States of America,France",2021-12-20,2021,Language,2.25e+22,22.352182518111363,7500000000.0,$104152.23,Yes,Abierto,Open weights (non-commercial),
DeBERTa,Microsoft,United States of America,2021-06-10,2021,Language,2.588e+22,22.412964271996664,1500000000.0,$6682.23,Yes,Abierto,Open weights (unrestricted),
ALIGN,Google Research,United States of America,2021-06-11,2021,"Multimodal,Vision,Language",2.5986700000009994e+22,22.414751132799207,820000000.0,$32852.92,No,Cerrado,Unreleased,
Turing ULRv5,Microsoft,United States of America,2021-09-28,2021,Language,2.8983951e+22,22.462157586812857,2200000000.0,,No,Cerrado,Hosted access (no API),
XLMR-XXL,Facebook AI Research,"United States of America,France",2021-08-17,2021,Language,3.3660000000000005e+22,22.527114111639804,10700000000.0,,Yes,Abierto,Open weights (unrestricted),
PLUG,Alibaba,China,2021-04-19,2021,Language,3.5997696e+22,22.556274705030972,27000000000.0,$108672.69,No,Cerrado,Hosted access (no API),
Codex,OpenAI,United States of America,2021-07-07,2021,Language,7.344e+22,22.865932668193185,12000000000.0,,No,Cerrado,API access,
ByT5-XXL,"Google,Google Research","United States of America,United States of America",2021-05-28,2021,Language,8.1e+22,22.90848501887865,12900000000.0,$92453.38,Yes,Abierto,Open weights (unrestricted),
Switch,Google,United States of America,2021-01-11,2021,Language,8.22e+22,22.91487181754005,1571000000000.0,$145100.90,Yes,Abierto,Open weights (unrestricted),checked
HyperCLOVA 204B,NAVER,Korea (Republic of),2021-09-10,2021,Language,2.0000000001e+23,23.301029995685695,204000000000.0,$441770.00,No,Cerrado,Hosted access (no API),checked
Yuan 1.0,Inspur,China,2021-10-12,2021,Language,3.5380000000001e+23,23.548757828573716,245730000000.0,$591664.58,No,Cerrado,API access,checked
GLaM,Google,United States of America,2021-12-13,2021,Language,3.6363112434e+23,23.560661048781533,1200000000000.0,$541437.42,No,Cerrado,Unreleased,
Jurassic-1-Jumbo,AI21 Labs,Israel,2021-08-11,2021,Language,3.7e+23,23.568201724066995,178000000000.0,$836700.05,No,Cerrado,API access,checked
Gopher (280B),DeepMind,United Kingdom of Great Britain and Northern Ireland,2021-12-08,2021,Language,6.31e+23,23.800029359244135,280000000000.0,$640616.85,No,Cerrado,Unreleased,checked
Megatron-Turing NLG 530B,"Microsoft,NVIDIA","United States of America,United States of America",2021-10-11,2021,Language,8.586e+23,23.93379088414342,530000000000.0,$3848505.63,No,Cerrado,Unreleased,checked
ERNIE 3.0 Titan,"Baidu,Peng Cheng Laboratory","China,China",2021-12-23,2021,Language,1.0421e+24,24.017909395896687,260000000000.0,,No,Cerrado,Hosted access (no API),checked
FLAN 137B,Google Research,United States of America,2021-09-03,2021,Language,2.047e+24,24.311117842662505,137000000000.0,,No,Cerrado,Unreleased,checked
Mogrifier RLSTM (WT2),DeepMind,United Kingdom of Great Britain and Northern Ireland,2022-11-03,2022,Language,1.4e+17,17.146128035678238,35000000.0,,No,Cerrado,Unreleased,
DITTO,"Tsinghua University,Apple,Westlake University,Chinese University of Hong Kong (CUHK)","China,United States of America,China,Hong Kong",2022-06-06,2022,Language,3.31776e+18,18.520844966846425,750000000.0,,No,Cerrado,Unreleased,
"Segatron-XL large, M=384 + HCP","Microsoft Research,University of Waterloo","United States of America,Canada",2022-03-21,2022,Language,2.65e+19,19.423245873936807,257000000.0,,No,Cerrado,Unreleased,
BEIT-3,Microsoft,United States of America,2022-08-22,2022,"Multimodal,Vision,Language",7e+19,19.845098040014257,1900000000.0,,Yes,Abierto,Open weights (unrestricted),
Fusion in Encoder,Samsung,Korea (Republic of),2022-11-18,2022,Language,1.3e+20,20.113943352306837,330000000.0,$233.06,No,Cerrado,Unreleased,
Sparse all-MLP,Meta AI,United States of America,2022-04-14,2022,Language,5.32224e+20,20.72609445464332,9410000000.0,,No,Cerrado,Unreleased,
GPT-2 Medium (FlashAttention),"Stanford University,University at Buffalo","United States of America,United States of America",2022-05-27,2022,Language,8.9280922e+20,20.950758666555924,355000000.0,,Yes,Abierto,Open weights (unrestricted),
PolyCoder,Carnegie Mellon University (CMU),United States of America,2022-02-26,2022,Language,1.1e+21,21.041392685158225,2700000000.0,,Yes,Abierto,Open weights (unrestricted),
CodeT5-large,Salesforce,United States of America,2022-07-05,2022,Language,2.72e+21,21.434568904034197,770000000.0,$4478.15,Yes,Abierto,Open weights (unrestricted),
Gato,DeepMind,United Kingdom of Great Britain and Northern Ireland,2022-05-12,2022,"Multimodal,Robotics,Games,Language",4.02e+21,21.60422605308447,1180000000.0,$3523.06,No,Cerrado,Unreleased,
Hybrid H3-2.7B,"Stanford University,University at Buffalo","United States of America,United States of America",2022-12-28,2022,Language,6.48e+21,21.811575005870594,2700000000.0,,Yes,Abierto,Open weights (unrestricted),
RETRO-7B,DeepMind,United Kingdom of Great Britain and Northern Ireland,2022-02-07,2022,Language,1.68e+22,22.225309281725863,7500000000.0,,No,Cerrado,Unreleased,
NLLB,Meta AI,United States of America,2022-07-06,2022,Language,1.751113728e+22,22.243314352730454,54500000000.0,$50667.25,Yes,Abierto,Open weights (unrestricted),
Statement Curriculum Learning,OpenAI,United States of America,2022-03-02,2022,"Language,Mathematics",1.7901647999999995e+22,22.25289301334644,774000000.0,,No,Cerrado,API access,
Vega v2,"Wuhan University,JD Explore Academy,Shanghai AI Lab,Nanyang Technological University,Washington University in St Louis,Chongqing University of Posts and Telecommunications,University of Sydney","China,China,Singapore,United States of America,China,Australia",2022-12-04,2022,Language,7.76e+22,22.88986172125819,6000000000.0,,No,Cerrado,Unreleased,
GPT-NeoX-20B,EleutherAI,United States of America,2022-02-09,2022,Language,9.31627008e+22,22.96924207030419,20000000000.0,$184272.81,Yes,Abierto,Open weights (unrestricted),
UL2,"Google Research,Google Brain","United States of America,United States of America",2022-05-10,2022,Language,1.2e+23,23.079181246047625,20000000000.0,$126785.76,Yes,Abierto,Open weights (unrestricted),
PaLI,Google,United States of America,2022-09-14,2022,"Language,Vision,Multimodal",1.69e+23,23.227886704613674,16900000000.0,$50878.11,No,Cerrado,Unreleased,
AlexaTM 20B,Amazon,United States of America,2022-08-02,2022,Language,2.04374016e+23,23.310425679010848,19750000000.0,$267943.21,No,Cerrado,API access,
Flamingo,DeepMind,United Kingdom of Great Britain and Northern Ireland,2022-04-29,2022,"Multimodal,Vision,Language,Video",2.1897200000000104e+23,23.340388585055067,80000000000.0,$183423.16,No,Cerrado,Unreleased,
AlphaCode,DeepMind,United Kingdom of Great Britain and Northern Ireland,2022-02-02,2022,Language,2.38010000000001e+23,23.376595204340475,41100000000.0,,No,Cerrado,Unreleased,
ST-MoE,"Google,Google Brain,Google Research","United States of America,United States of America,United States of America",2022-02-17,2022,Language,2.9000000000000005e+23,23.462397997898957,269000000000.0,,No,Cerrado,Unreleased,
InstructGPT 175B,OpenAI,United States of America,2022-01-27,2022,Language,3.19181e+23,23.50403703104727,175000000000.0,,No,Cerrado,API access,
Galactica,Meta AI,United States of America,2022-11-16,2022,"Language,Biology",3.24e+23,23.510545010206613,120000000000.0,$591076.89,Yes,Abierto,Open weights (non-commercial),
GLM-130B,Tsinghua University,China,2022-08-04,2022,Language,3.5490054945e+23,23.550106671714225,130000000000.0,$820296.63,Yes,Abierto,Open weights (non-commercial),
LaMDA,Google,United States of America,2022-02-10,2022,Language,3.55e+23,23.550228353055093,137000000000.0,$229949.99,No,Cerrado,Unreleased,
BLOOM-176B,"Hugging Face,BigScience","United States of America,France",2022-07-11,2022,Language,3.65664e+23,23.563082205700514,176247271424.0,$995819.12,Yes,Abierto,Open weights (restricted use),
BlenderBot 3,"McGill University,Meta AI,Mila - Quebec AI (originally Montreal Institute for Learning Algorithms)","Canada,United States of America,Canada",2022-08-10,2022,Language,4.3e+23,23.633468455579585,175000000000.0,,Yes,Abierto,Open weights (non-commercial),
OPT-175B,Meta AI,United States of America,2022-05-02,2022,Language,4.3e+23,23.633468455579585,175000000000.0,$733634.64,Yes,Abierto,Open weights (non-commercial),
Chinchilla,DeepMind,United Kingdom of Great Britain and Northern Ireland,2022-03-29,2022,Language,5.76e+23,23.760422483423213,70000000000.0,,No,Cerrado,Unreleased,
PaLM (540B),Google Research,United States of America,2022-04-04,2022,Language,2.5272e+24,24.402639612897094,540350000000.0,$3060364.60,No,Cerrado,Unreleased,checked
U-PaLM (540B),Google,United States of America,2022-10-20,2022,Language,2.53e+24,24.40312052117582,540000000000.0,,No,Cerrado,Unreleased,checked
Flan-PaLM 540B,Google,United States of America,2022-10-20,2022,Language,2.540000000001e+24,24.40483371662011,540000000000.0,,No,Cerrado,Unreleased,checked
"GPT-3.5 (davinci-002)
",OpenAI,United States of America,2022-03-15,2022,Language,2.578e+24,24.411282913017384,,$4897551.63,No,Cerrado,API access,checked
Minerva (540B),Google,United States of America,2022-06-29,2022,Language,2.7415e+24,24.4379882502195,540350000000.0,,No,Cerrado,Unreleased,checked
RoFormer,Zhuiyi Technology,China,2023-11-08,2023,Language,2.162688e+18,18.334993870501588,110000000.0,,No,Cerrado,Unreleased,
CODEFUSION (Python),"Microsoft,Microsoft Research","United States of America,United States of America",2023-10-26,2023,Language,7.92e+18,18.898725181589494,75000000.0,$8.54,No,Cerrado,Unreleased,
ONE-PEACE,"Alibaba,Huazhong University of Science and Technology","China,China",2023-05-18,2023,"Multimodal,Vision,Speech,Language",1.8e+20,20.255272505103306,4000000000.0,,Yes,Abierto,Open weights (unrestricted),
InstructBLIP,"Salesforce Research,Hong Kong University of Science and Technology (HKUST),Nanyang Technological University","United States of America,Hong Kong,Singapore",2023-05-11,2023,"Multimodal,Language,Vision",1.94e+20,20.287801729930226,13000000000.0,,Yes,Abierto,Open weights (non-commercial),
BLIP-2 (Q-Former),Salesforce Research,United States of America,2023-01-30,2023,"Vision,Language",1.20000000001e+21,21.079181246051245,1480000000.0,$1960.82,Yes,Abierto,Open weights (unrestricted),
VILA-13B,"NVIDIA,Massachusetts Institute of Technology (MIT)","United States of America,United States of America",2023-12-12,2023,"Multimodal,Language,Vision",2.3003136e+21,21.361787047089525,13350839296.0,,Yes,Abierto,Open weights (non-commercial),
Incoder-6.7B,"Facebook AI Research,University of Washington,University of California (UC) Berkeley,Carnegie Mellon University (CMU),Toyota Technological Institute at Chicago","United States of America,France,United States of America,United States of America,United States of America,United States of America",2023-04-09,2023,Language,3.00001e+21,21.477122702365524,6700000000.0,$3129.08,Yes,Abierto,Open weights (non-commercial),
SPHINX (Llama 2 13B),"Shanghai AI Lab,Chinese University of Hong Kong (CUHK),ShanghaiTech University","China,Hong Kong,China",2023-11-13,2023,"Vision,Language,Multimodal",3.04e+22,22.482873583608754,19900000000.0,$239188.69,Yes,Abierto,Open weights (restricted use),
GQA-8-XXL,Google Research,United States of America,2023-12-23,2023,Language,3.4912896e+22,22.542985874728096,11000000000.0,,No,Cerrado,Unreleased,
Volcano 13B,"Korea University,Korea Advanced Institute of Science and Technology (KAIST),LG","Korea (Republic of),Korea (Republic of),Korea (Republic of)",2023-11-13,2023,"Language,Multimodal,Vision",4.56e+22,22.658964842664435,13000000000.0,,Yes,Abierto,Open weights (non-commercial),
Jais,"Cerebras Systems,Mohamed bin Zayed University of Artificial Intelligence (MBZUAI),Inception G42","United States of America,United Arab Emirates,United Arab Emirates",2023-08-29,2023,Language,4.8946763e+22,22.689723975858826,13000000000.0,,Yes,Abierto,Open weights (unrestricted),
ChatGLM3-6B,Z.ai (Zhipu AI),China,2023-10-27,2023,"Multimodal,Language,Vision",5.04e+22,22.702430536445526,6000000000.0,,Yes,Abierto,Open weights (restricted use),
CogVLM-17B,"Tsinghua University,Z.ai (Zhipu AI),Beihang University","China,China,China",2023-11-06,2023,"Multimodal,Vision,Language",6.331000000000001e+22,22.801472313521472,17000000000.0,,Yes,Abierto,Open weights (restricted use),
CogAgent,"Tsinghua University,Z.ai (Zhipu AI)","China,China",2023-12-14,2023,"Vision,Language",6.707e+22,22.826528306340652,18000000000.0,,Yes,Abierto,Open weights (restricted use),
LLaVA,"University of Wisconsin Madison,Microsoft Research,Columbia University","United States of America,United States of America,United States of America",2023-04-17,2023,"Multimodal,Vision,Language",7.8049e+22,22.89236734305168,13000000000.0,$42.46,Yes,Abierto,Open weights (unrestricted),
LLaVA 1.5,"University of Wisconsin Madison,Microsoft Research","United States of America,United States of America",2023-11-05,2023,"Multimodal,Language,Vision",7.807e+22,22.892484179364686,13000000000.0,,Yes,Abierto,Open weights (restricted use),
Llama 2-7B,Meta AI,United States of America,2023-07-18,2023,Language,8.4e+22,22.924279286061882,7000000000.0,$114259.39,Yes,Abierto,Open weights (restricted use),
StarCoder,"Hugging Face,ServiceNow,Northeastern University,Mila - Quebec AI (originally Montreal Institute for Learning Algorithms),Carnegie Mellon University (CMU),Johns Hopkins University,Leipzig University,ScaDS.AI,Queen Mary University of London,Roblox,Sea AI Lab,Technion - Israel Institute of Technology,Monash University,CSIRO,Data61,McGill University,Saama,University of British Columbia (UBC),Massachusetts Institute of Technology (MIT),Technical University of Munich,IBM,University of Vermont,UnfoldML,SAP,University of Notre Dame,Columbia University,New York University (NYU),University of Allahabad,Discover Dollar,Toloka,Telefonica,Stanford University,Weizmann Institute of Science,Alan Turing Institute,Wellesley College,EleutherAI,Forschungszentrum Julich","United States of America,United States of America,United States of America,Canada,United States of America,United States of America,Germany,Germany,United Kingdom of Great Britain and Northern Ireland,United States of America,Singapore,Israel,Australia,Australia,Australia,Canada,United States of America,Canada,United States of America,Germany,United States of America,United States of America,Sweden,Germany,United States of America,United States of America,United States of America,India,India,Netherlands,Spain,United States of America,Israel,United Kingdom of Great Britain and Northern Ireland,United States of America,United States of America,Germany",2023-05-09,2023,Language,8.46e+22,22.927370363039024,15500000000.0,$212217.65,Yes,Abierto,Open weights (restricted use),
FinGPT-13B,"University of California Los Angeles (UCLA),Columbia University,New York University (NYU)","United States of America,United States of America,United States of America",2023-10-07,2023,Language,1.6e+23,23.204119982655925,13000000000.0,,Yes,Abierto,Open weights (unrestricted),
Llama Guard,Meta AI,United States of America,2023-12-07,2023,Language,1.6e+23,23.204119982655925,7000000000.0,,Yes,Abierto,Open weights (restricted use),
Nemotron-3-8B,NVIDIA,United States of America,2023-11-15,2023,Language,1.8e+23,23.255272505103306,8000000000.0,$214467.02,Yes,Abierto,Open weights (restricted use),
BloombergGPT,"Bloomberg,Johns Hopkins University","United States of America,United States of America",2023-03-30,2023,Language,2.36e+23,23.372912002970107,50558868480.0,$369586.14,No,Cerrado,Unreleased,
Falcon-40B,Technology Innovation Institute,United Arab Emirates,2023-03-15,2023,Language,2.4e+23,23.380211241711606,40000000000.0,$319783.16,Yes,Abierto,Open weights (unrestricted),
Skywork-13B,Kunlun Inc.,China,2023-10-30,2023,Language,2.5e+23,23.397940008672037,13000000000.0,,Yes,Abierto,Open weights (restricted use),
nekomata-14b,rinna,Japan,2023-12-21,2023,Language,2.5562e+23,23.407594830510746,14200000000.0,,Yes,Abierto,Open weights (restricted use),
FunSearch,Google DeepMind,United States of America,2023-12-14,2023,"Language,Search",3.87e+23,23.58771096501891,15000000000.0,,Yes,Abierto,Open weights (unrestricted),
PanGu-Σ,Huawei Noah's Ark Lab,China,2023-03-20,2023,Language,4.669999999999999e+23,23.66931688056611,1085000000000.0,,No,Cerrado,Unreleased,
LLaMA-65B,Meta AI,United States of America,2023-02-24,2023,Language,5.5e+23,23.740362689494244,65200000000.0,$578026.30,Yes,Abierto,Open weights (non-commercial),
PaLI-X,Google Research,United States of America,2023-05-29,2023,"Multimodal,Language,Vision,Video",5.6e+23,23.7481880270062,55000000000.0,,No,Cerrado,Unreleased,
Yi-34B,01.AI,China,2023-11-02,2023,Language,6.1e+23,23.785329835010767,34000000000.0,,Yes,Abierto,Open weights (restricted use),
Mixtral 8x7B,Mistral AI,France,2023-12-11,2023,Language,7.74e+23,23.88874096068289,46700000000.0,,Yes,Abierto,Open weights (unrestricted),
Llama 2-70B,Meta AI,United States of America,2023-07-18,2023,Language,8.1e+23,23.90848501887865,70000000000.0,$1102561.19,Yes,Abierto,Open weights (restricted use),
InternLM,"Shanghai AI Lab,SenseTime","China,Hong Kong",2023-07-06,2023,Language,9.984e+23,23.99930457233835,104000000000.0,$1505257.38,No,Cerrado,Unreleased,
Qwen-72B,Alibaba,China,2023-11-30,2023,Language,1.3e+24,24.113943352306837,72000000000.0,,Yes,Abierto,Open weights (restricted use),
Grok-1,xAI,United States of America,2023-11-04,2023,Language,2.90000000001e+24,24.462397997900453,314000000000.0,,Yes,Abierto,Open weights (unrestricted),
Falcon-180B,Technology Innovation Institute,United Arab Emirates,2023-09-06,2023,Language,3.76e+24,24.57518784492766,180000000000.0,$10743500.87,Yes,Abierto,Open weights (restricted use),checked
Claude 2,Anthropic,United States of America,2023-07-11,2023,Language,3.866e+24,24.587261849692535,,$4902644.12,No,Cerrado,API access,checked
Amazon Titan,Amazon,United States of America,2023-09-28,2023,"Language,Image generation",4.7999999999999996e+24,24.681241237375588,200000000000.0,$7933464.67,No,Cerrado,API access,checked
PaLM 2,Google,United States of America,2023-05-10,2023,Language,7.34e+24,24.865696059916072,340000000000.0,$5014266.98,No,Cerrado,API access,checked
Inflection-2,Inflection AI,United States of America,2023-11-22,2023,Language,1.001e+25,25.00043407747932,,$13461144.18,No,Cerrado,Hosted access (no API),checked
GPT-4 (Jun 2023),OpenAI,United States of America,2023-03-15,2023,"Multimodal,Language,Vision",2.1e+25,25.32221929473392,1800000000000.0,,No,Cerrado,API access,checked
GPT-4 (Mar 2023),OpenAI,United States of America,2023-03-15,2023,"Multimodal,Language,Vision",2.1e+25,25.32221929473392,1800000000000.0,$37334304.98,No,Cerrado,API access,checked
Gemini 1.0 Ultra,Google DeepMind,United States of America,2023-12-06,2023,"Multimodal,Language,Vision",5.0000000001e+25,25.698970004344705,,$30719419.94,No,Cerrado,API access,checked
VILA1.5-13B,"NVIDIA,Massachusetts Institute of Technology (MIT)","United States of America,United States of America",2024-05-03,2024,"Multimodal,Language,Vision,Video",2.3003136e+21,21.361787047089525,13493916736.0,,Yes,Abierto,Open weights (non-commercial),
OpenVLA,"Stanford University,University of California (UC) Berkeley,Toyota Research Institute,Google DeepMind,Massachusetts Institute of Technology (MIT),Physical Intelligence","United States of America,United States of America,United States of America,United States of America,United States of America,United States of America",2024-06-13,2024,"Robotics,Vision,Language",1.1e+23,23.041392685158225,7188100000.0,,Yes,Abierto,Open weights (unrestricted),
AFM-on-device,Apple,United States of America,2024-07-29,2024,Language,4.5126e+23,23.65442683906152,2730000000.0,,No,Cerrado,Hosted access (no API),
MM1-30B,Apple,United States of America,2024-03-14,2024,"Multimodal,Language,Vision",4.86e+23,23.686636269262294,30000000000.0,,No,Cerrado,Unreleased,
Llama 3.2 11B,Meta AI,United States of America,2024-09-24,2024,"Multimodal,Vision,Language",5.79e+23,23.762678563727437,10600000000.0,,Yes,Abierto,Open weights (restricted use),
ALLaM adapted 70B,Saudi Data and Artificial Intelligence Authority,Saudi Arabia,2024-05-21,2024,Language,1.062e+24,24.02612451674545,70000000000.0,,No,Cerrado,Unreleased,
EXAONE 3.5 32B,LG AI Research,Korea (Republic of),2024-12-09,2024,Language,1.25e+24,24.096910013008056,32000000000.0,,Yes,Abierto,Open weights (non-commercial),
DeepSeek-Coder-V2 236B,DeepSeek,China,2024-06-17,2024,Language,1.2852e+24,24.10897071687948,236000000000.0,,Yes,Abierto,Open weights (restricted use),
Qwen1.5-72B,Alibaba,China,2024-02-04,2024,Language,1.3e+24,24.113943352306837,72000000000.0,,Yes,Abierto,Open weights (restricted use),
Yi-Lightning,01.AI,China,2024-10-18,2024,Language,1.5e+24,24.17609125905568,,,No,Cerrado,API access,
DeepSeek-V2.5,DeepSeek,China,2024-09-06,2024,Language,1.7892000000000004e+24,24.25265888950062,236000000000.0,,Yes,Abierto,Open weights (restricted use),
Yi-Large,01.AI,China,2024-05-13,2024,Language,1.7999999999999996e+24,24.255272505103306,100000000000.0,,No,Cerrado,API access,
DBRX,Databricks,United States of America,2024-03-27,2024,Language,2.6e+24,24.414973347970818,132000000000.0,,Yes,Abierto,Open weights (restricted use),
NVLM-D 72B,NVIDIA,United States of America,2024-10-22,2024,"Vision,Language",3.02e+24,24.48000694295715,72000000000.0,,Yes,Abierto,Open weights (non-commercial),
NVLM-H 72B,NVIDIA,United States of America,2024-10-22,2024,"Vision,Language",3.02e+24,24.48000694295715,72000000000.0,,No,Cerrado,Unreleased,
Qwen2-72B,Alibaba,China,2024-06-07,2024,Language,3.02e+24,24.48000694295715,72710000000.0,,Yes,Abierto,Open weights (unrestricted),
LLaVA-OV-72B,"ByteDance,Nanyang Technological University,Chinese University of Hong Kong (CUHK),Hong Kong University of Science and Technology (HKUST)","China,Singapore,Hong Kong,Hong Kong",2024-08-06,2024,"Multimodal,Vision,Language,Video",3.036551985824e+24,24.48238072065148,72000000000.0,,Yes,Abierto,Open weights (unrestricted),
NVLM-X 72B,NVIDIA,United States of America,2024-10-22,2024,"Vision,Language",3.0398181e+24,24.48284759659237,72000000000.0,,No,Cerrado,Unreleased,
DeepSeek-V3,DeepSeek,China,2024-12-24,2024,Language,3.3e+24,24.518513939877888,671000000000.0,$5390000.00,Yes,Abierto,Open weights (restricted use),
Hunyuan-Large,Tencent,China,2024-11-06,2024,Language,3.49237e+24,24.543120248906924,389000000000.0,,Yes,Abierto,Open weights (restricted use),
Qwen2.5-32B,Alibaba,China,2024-09-17,2024,Language,3.51e+24,24.545307116465825,32500000000.0,,Yes,Abierto,Open weights (unrestricted),
MegaScale (Production),"ByteDance,Peking University","China,China",2024-02-23,2024,Language,3.9e+24,24.5910646070265,530000000000.0,$2614019.25,No,Cerrado,Unreleased,
AFM-server,Apple,United States of America,2024-07-29,2024,Language,4.3e+24,24.633468455579585,,,No,Cerrado,Hosted access (no API),
Amazon Nova Pro,Amazon,United States of America,2024-12-03,2024,"Multimodal,Language,Video,Vision",6.000010000000001e+24,24.778151974207177,,,No,Cerrado,API access,
Llama 3.3 70B,Meta AI,United States of America,2024-12-06,2024,Language,6.8649768e+24,24.836639073889014,70000000000.0,,Yes,Abierto,Open weights (restricted use),
Telechat2-115B,China Telecom,China,2024-09-20,2024,Language,6.899999999999999e+24,24.838849090737256,115000000000.0,,Yes,Abierto,Open weights (restricted use),
Qwen2.5-72B,Alibaba,China,2024-09-19,2024,Language,7.8e+24,24.89209460269048,72700000000.0,,Yes,Abierto,Open weights (unrestricted),
Qwen2.5 Instruct (72B),Alibaba,China,2024-09-19,2024,Language,7.851600000000001e+24,24.894958166345987,72700000000.0,,Yes,Abierto,Open weights (restricted use),
Llama 3-70B,Meta AI,United States of America,2024-04-18,2024,Language,7.860999999999999e+24,24.895477796275713,70000000000.0,,Yes,Abierto,Open weights (restricted use),
Llama-3.1-Nemotron-70B-Instruct,"NVIDIA,Meta AI","United States of America,United States of America",2024-06-12,2024,Language,7.929e+24,24.899218417851372,,,Yes,Abierto,Open weights (restricted use),
Inflection-2.5,Inflection AI,United States of America,2024-03-07,2024,Language,8.000001e+24,24.90309004127875,,$11804593.33,No,Cerrado,Hosted access (no API),
Reka Core,Reka AI,United States of America,2024-04-15,2024,"Multimodal,Language,Vision,Video,Speech",8.400010000000001e+24,24.924279803078814,67000000000.0,,No,Cerrado,API access,
Aramco Metabrain AI,Saudi Aramco,Saudi Arabia,2024-03-04,2024,Language,1.05e+25,25.02118929906994,250000000000.0,,No,Cerrado,Unreleased,
Mistral Large,Mistral AI,France,2024-02-26,2024,Language,1.1199999999999999e+25,25.049218022670182,,$14110111.93,No,Cerrado,API access,
Nemotron-4 340B,NVIDIA,United States of America,2024-06-14,2024,Language,1.8000000000000005e+25,25.255272505103306,340000000000.0,$21271017.96,Yes,Abierto,Open weights (unrestricted),checked
Mistral Large 2,Mistral AI,France,2024-07-24,2024,Language,2.13e+25,25.328379603438737,123000000000.0,,Yes,Abierto,Open weights (non-commercial),
Doubao-pro,ByteDance,China,2024-10-28,2024,Language,2.505e+25,25.398807730203263,500000000000.0,,No,Cerrado,API access,
Claude 3.5 Sonnet,Anthropic,United States of America,2024-06-20,2024,"Multimodal,Language,Vision",2.700000000000001e+25,25.431363764158988,,$25870993.12,No,Cerrado,API access,checked
Grok-2,xAI,United States of America,2024-08-13,2024,"Language,Vision,Multimodal",2.9599999999999996e+25,25.47129171105894,,$31602310.53,No,Cerrado,API access,checked
Llama 3.1-405B,Meta AI,United States of America,2024-07-23,2024,Language,3.8e+25,25.57978359661681,405000000000.0,$52885433.95,Yes,Abierto,Open weights (restricted use),checked
Qwen3-Omni-30B-A3B,Alibaba,China,2025-09-22,2025,"Multimodal,Language,Vision,Speech,Video",3.6e+22,22.556302500767288,35300000000.0,,Yes,Abierto,Open weights (unrestricted),
Eagle 2,"NVIDIA,Nanjing University,Tsinghua University,Hong Kong Polytechnic University,Johns Hopkins University,New York University (NYU)","United States of America,China,China,Hong Kong,United States of America,United States of America",2025-01-20,2025,"Vision,Robotics,Language",4.7156e+22,22.67353695902688,8930000000.0,,Yes,Abierto,Open weights (non-commercial),
Nemotron 3-Nano-30B-A3B,NVIDIA,United States of America,2025-12-15,2025,Language,4.8e+23,23.681241237375588,31600000000.0,,Yes,Abierto,Open weights (restricted use),
gpt-oss-20b,OpenAI,United States of America,2025-08-05,2025,Language,5.49e+23,23.739572344450092,20910000000.0,,Yes,Abierto,Open weights (unrestricted),
AgentFounder-30B,Alibaba,China,2025-09-16,2025,Language,6.5367e+23,23.81535855360072,30000000000.0,,Yes,Abierto,Open weights (unrestricted),
Olmo 3,Allen Institute for AI,United States of America,2025-11-20,2025,Language,1.0999999999999999e+24,24.041392685158225,32000000000.0,,Yes,Abierto,Open weights (unrestricted),
EXAONE Deep 32B,LG AI Research,Korea (Republic of),2025-03-16,2025,Language,1.26e+24,24.100370545117563,32000000000.0,,Yes,Abierto,Open weights (non-commercial),
Seed1.5-VL,ByteDance,China,2025-05-11,2025,"Vision,Language,Multimodal,Video",1.388556e+24,24.142563399390966,,,No,Cerrado,API access,
K-EXAONE,LG AI Research,Korea (Republic of),2025-12-31,2025,Language,1.52e+24,24.181843587944773,236000000000.0,,No,Cerrado,API access,
Qwen3-Coder-480B-A35B,Alibaba,China,2025-07-22,2025,Language,1.5750000000000004e+24,24.19728055812562,480000000000.0,,Yes,Abierto,Open weights (unrestricted),
Llama 4 Maverick,Meta AI,United States of America,2025-04-05,2025,"Multimodal,Language,Vision",2.244000000001e+24,24.351022852584318,400000000000.0,,Yes,Abierto,Open weights (restricted use),
EXAONE 4.0 (32B),LG AI Research,Korea (Republic of),2025-07-15,2025,Language,2.69000000000001e+24,24.42975228000241,32000000000.0,,Yes,Abierto,Open weights (non-commercial),
Kimi K2,Moonshot,China,2025-07-11,2025,Language,2.976e+24,24.47363292687384,1000000000000.0,,Yes,Abierto,Open weights (restricted use),
DeepSeek-V3 (Mar 2025),DeepSeek,China,2025-03-24,2025,Language,3.3e+24,24.518513939877888,671000000000.0,$5390000.00,Yes,Abierto,Open weights (restricted use),
DeepSeek-R1,DeepSeek,China,2025-01-20,2025,Language,3.5e+24,24.544068044350276,671000000000.0,$6770000.00,Yes,Abierto,Open weights (unrestricted),
QwQ-32B,Alibaba,China,2025-03-06,2025,Language,3.51e+24,24.545307116465825,32500000000.0,,Yes,Abierto,Open weights (unrestricted),
LongCat-Flash,Meituan Inc,China,2025-09-01,2025,Language,3.726e+24,24.571242850560225,560000000000.0,,Yes,Abierto,Open weights (unrestricted),
DeepSeek-R1 (May 2025),DeepSeek,China,2025-05-28,2025,Language,4.020010000000001e+24,24.60422713341766,671000000000.0,$6770000.00,Yes,Abierto,Open weights (unrestricted),
Llama 4 Scout,Meta AI,United States of America,2025-04-05,2025,"Multimodal,Language,Vision",4.08e+24,24.61066016308988,109000000000.0,,Yes,Abierto,Open weights (restricted use),
Kimi K2 Thinking,Moonshot,China,2025-11-06,2025,Language,4.1999999999999997e+24,24.6232492903979,1000000000000.0,,Yes,Abierto,Open weights (restricted use),
GLM-4.5,"Z.ai (Zhipu AI),Tsinghua University","China,China",2025-08-05,2025,Language,4.42e+24,24.64542226934909,355000000000.0,,Yes,Abierto,Open weights (unrestricted),
GLM-4.6,"Z.ai (Zhipu AI),Tsinghua University","China,China",2025-09-30,2025,Language,4.42e+24,24.64542226934909,357000000000.0,,Yes,Abierto,Open weights (unrestricted),
GLM-4.7,Z.ai (Zhipu AI),China,2025-12-22,2025,Language,4.42e+24,24.64542226934909,358000000000.0,,Yes,Abierto,Open weights (unrestricted),
Qwen3-235B-A22B,Alibaba,China,2025-04-29,2025,Language,4.752e+24,24.676876431973138,235000000000.0,,Yes,Abierto,Open weights (unrestricted),
Qwen3-235B-A22B (Jul 2025),Alibaba,China,2025-07-25,2025,Language,4.752e+24,24.676876431973138,235000000000.0,,Yes,Abierto,Open weights (unrestricted),
Qwen3-235B-A22B-Thinking (Jul 2025),Alibaba,China,2025-07-25,2025,Language,4.752e+24,24.676876431973138,235000000000.0,,Yes,Abierto,Open weights (unrestricted),
gpt-oss-120b,OpenAI,United States of America,2025-08-05,2025,Language,4.94e+24,24.693726948923647,116830000000.0,,Yes,Abierto,Open weights (unrestricted),
Hunyuan-TurboS,Tencent,China,2025-03-11,2025,Language,5.4e+24,24.73239375982297,560000000000.0,,No,Cerrado,API access,
Ling-1T,Ant Group,China,2025-10-10,2025,Language,6.000001e+24,24.77815132276605,1000000000000.0,,Yes,Abierto,Open weights (unrestricted),
Pangu Ultra,Huawei,China,2025-04-10,2025,Language,1.0692e+25,25.0290589500845,135000000000.0,,No,Cerrado,Hosted access (no API),
Qwen3-Max,Alibaba,China,2025-09-05,2025,Language,1.512e+25,25.17955179116519,1000000000000.0,,No,Cerrado,API access,
Claude 3.7 Sonnet,Anthropic,United States of America,2025-02-24,2025,"Language,Vision,Multimodal",3.3500000000000006e+25,25.525044807036846,,,No,Cerrado,API access,
Llama 4 Behemoth (preview),Meta AI,United States of America,2025-04-05,2025,"Multimodal,Language,Vision",5.18400000000001e+25,25.714664992862538,2000000000000.0,$44588963.62,No,Cerrado,Unreleased,checked
GPT-5,OpenAI,United States of America,2025-08-07,2025,"Multimodal,Language,Vision",6.600000000000001e+25,25.81954393554187,,,No,Cerrado,API access,
Grok 3,xAI,United States of America,2025-02-17,2025,"Language,Vision,Multimodal",3.5000000000000006e+26,26.544068044350276,3000000000000.0,$217835545.53,No,Cerrado,API access,checked
GPT-4.5,OpenAI,United States of America,2025-02-27,2025,"Language,Vision,Multimodal",3.8e+26,26.57978359661681,,$339957479.94,No,Cerrado,API access,checked
Grok 4,xAI,United States of America,2025-07-09,2025,"Language,Multimodal,Vision",5.0000000000001e+26,26.698970004336026,3000000000000.0,$387842678.09,No,Cerrado,API access,checked
