Country name,iso3,model_count,top_organizations,period,popup_info,method_note
Abyei,,0,Sin registros,2018-2025,Abyei<br>Modelos LLM notables: 0<br>Organizaciones principales: Sin registros,Counts one country participation per model; duplicated country participation is counted once per model.
Afghanistan,,0,Sin registros,2018-2025,Afghanistan<br>Modelos LLM notables: 0<br>Organizaciones principales: Sin registros,Counts one country participation per model; duplicated country participation is counted once per model.
Aksai Chin,,0,Sin registros,2018-2025,Aksai Chin<br>Modelos LLM notables: 0<br>Organizaciones principales: Sin registros,Counts one country participation per model; duplicated country participation is counted once per model.
Albania,,0,Sin registros,2018-2025,Albania<br>Modelos LLM notables: 0<br>Organizaciones principales: Sin registros,Counts one country participation per model; duplicated country participation is counted once per model.
Algeria,,0,Sin registros,2018-2025,Algeria<br>Modelos LLM notables: 0<br>Organizaciones principales: Sin registros,Counts one country participation per model; duplicated country participation is counted once per model.
American Samoa,,0,Sin registros,2018-2025,American Samoa<br>Modelos LLM notables: 0<br>Organizaciones principales: Sin registros,Counts one country participation per model; duplicated country participation is counted once per model.
Andorra,,0,Sin registros,2018-2025,Andorra<br>Modelos LLM notables: 0<br>Organizaciones principales: Sin registros,Counts one country participation per model; duplicated country participation is counted once per model.
Angola,,0,Sin registros,2018-2025,Angola<br>Modelos LLM notables: 0<br>Organizaciones principales: Sin registros,Counts one country participation per model; duplicated country participation is counted once per model.
Anguilla,,0,Sin registros,2018-2025,Anguilla<br>Modelos LLM notables: 0<br>Organizaciones principales: Sin registros,Counts one country participation per model; duplicated country participation is counted once per model.
Antigua and Barbuda,,0,Sin registros,2018-2025,Antigua and Barbuda<br>Modelos LLM notables: 0<br>Organizaciones principales: Sin registros,Counts one country participation per model; duplicated country participation is counted once per model.
Argentina,,0,Sin registros,2018-2025,Argentina<br>Modelos LLM notables: 0<br>Organizaciones principales: Sin registros,Counts one country participation per model; duplicated country participation is counted once per model.
Armenia,,0,Sin registros,2018-2025,Armenia<br>Modelos LLM notables: 0<br>Organizaciones principales: Sin registros,Counts one country participation per model; duplicated country participation is counted once per model.
Aruba,,0,Sin registros,2018-2025,Aruba<br>Modelos LLM notables: 0<br>Organizaciones principales: Sin registros,Counts one country participation per model; duplicated country participation is counted once per model.
Arunachal Pradesh,,0,Sin registros,2018-2025,Arunachal Pradesh<br>Modelos LLM notables: 0<br>Organizaciones principales: Sin registros,Counts one country participation per model; duplicated country participation is counted once per model.
Australia,AUS,5,Monash University; CMU; Harrison.ai; Hugging Face; ServiceNow,2018-2025,"País: Australia
Modelos LLM notables: 5
Organizaciones principales: Monash University; CMU; Harrison.ai; Hugging Face; ServiceNow
Periodo: 2018-2025",Counts one country participation per model; duplicated country names in a model were counted once.
Austria,AUT,1,Johannes Kepler University Linz; Institute of Advanced Research in Artificial Intelligence; University of Oslo,2018-2025,"País: Austria
Modelos LLM notables: 1
Organizaciones principales: Johannes Kepler University Linz; Institute of Advanced Research in Artificial Intelligence; University of Oslo
Periodo: 2018-2025",Counts one country participation per model; duplicated country names in a model were counted once.
Azerbaijan,,0,Sin registros,2018-2025,Azerbaijan<br>Modelos LLM notables: 0<br>Organizaciones principales: Sin registros,Counts one country participation per model; duplicated country participation is counted once per model.
Bahrain,,0,Sin registros,2018-2025,Bahrain<br>Modelos LLM notables: 0<br>Organizaciones principales: Sin registros,Counts one country participation per model; duplicated country participation is counted once per model.
Baker Island,,0,Sin registros,2018-2025,Baker Island<br>Modelos LLM notables: 0<br>Organizaciones principales: Sin registros,Counts one country participation per model; duplicated country participation is counted once per model.
Bangladesh,,0,Sin registros,2018-2025,Bangladesh<br>Modelos LLM notables: 0<br>Organizaciones principales: Sin registros,Counts one country participation per model; duplicated country participation is counted once per model.
Barbados,,0,Sin registros,2018-2025,Barbados<br>Modelos LLM notables: 0<br>Organizaciones principales: Sin registros,Counts one country participation per model; duplicated country participation is counted once per model.
Belarus,,0,Sin registros,2018-2025,Belarus<br>Modelos LLM notables: 0<br>Organizaciones principales: Sin registros,Counts one country participation per model; duplicated country participation is counted once per model.
Belgium,BEL,1,KU Leuven; ESAT - PSI; Apple,2018-2025,"País: Belgium
Modelos LLM notables: 1
Organizaciones principales: KU Leuven; ESAT - PSI; Apple
Periodo: 2018-2025",Counts one country participation per model; duplicated country names in a model were counted once.
Belize,,0,Sin registros,2018-2025,Belize<br>Modelos LLM notables: 0<br>Organizaciones principales: Sin registros,Counts one country participation per model; duplicated country participation is counted once per model.
Benin,,0,Sin registros,2018-2025,Benin<br>Modelos LLM notables: 0<br>Organizaciones principales: Sin registros,Counts one country participation per model; duplicated country participation is counted once per model.
Bermuda,,0,Sin registros,2018-2025,Bermuda<br>Modelos LLM notables: 0<br>Organizaciones principales: Sin registros,Counts one country participation per model; duplicated country participation is counted once per model.
Bhutan,,0,Sin registros,2018-2025,Bhutan<br>Modelos LLM notables: 0<br>Organizaciones principales: Sin registros,Counts one country participation per model; duplicated country participation is counted once per model.
Bolivia,,0,Sin registros,2018-2025,Bolivia<br>Modelos LLM notables: 0<br>Organizaciones principales: Sin registros,Counts one country participation per model; duplicated country participation is counted once per model.
Bonaire,,0,Sin registros,2018-2025,Bonaire<br>Modelos LLM notables: 0<br>Organizaciones principales: Sin registros,Counts one country participation per model; duplicated country participation is counted once per model.
Bosnia and Herzegovina,,0,Sin registros,2018-2025,Bosnia and Herzegovina<br>Modelos LLM notables: 0<br>Organizaciones principales: Sin registros,Counts one country participation per model; duplicated country participation is counted once per model.
Botswana,,0,Sin registros,2018-2025,Botswana<br>Modelos LLM notables: 0<br>Organizaciones principales: Sin registros,Counts one country participation per model; duplicated country participation is counted once per model.
Brazil,,0,Sin registros,2018-2025,Brazil<br>Modelos LLM notables: 0<br>Organizaciones principales: Sin registros,Counts one country participation per model; duplicated country participation is counted once per model.
British Indian Ocean Territory,,0,Sin registros,2018-2025,British Indian Ocean Territory<br>Modelos LLM notables: 0<br>Organizaciones principales: Sin registros,Counts one country participation per model; duplicated country participation is counted once per model.
British Virgin Islands,,0,Sin registros,2018-2025,British Virgin Islands<br>Modelos LLM notables: 0<br>Organizaciones principales: Sin registros,Counts one country participation per model; duplicated country participation is counted once per model.
Brunei,,0,Sin registros,2018-2025,Brunei<br>Modelos LLM notables: 0<br>Organizaciones principales: Sin registros,Counts one country participation per model; duplicated country participation is counted once per model.
Bulgaria,,0,Sin registros,2018-2025,Bulgaria<br>Modelos LLM notables: 0<br>Organizaciones principales: Sin registros,Counts one country participation per model; duplicated country participation is counted once per model.
Burkina Faso,,0,Sin registros,2018-2025,Burkina Faso<br>Modelos LLM notables: 0<br>Organizaciones principales: Sin registros,Counts one country participation per model; duplicated country participation is counted once per model.
Burundi,,0,Sin registros,2018-2025,Burundi<br>Modelos LLM notables: 0<br>Organizaciones principales: Sin registros,Counts one country participation per model; duplicated country participation is counted once per model.
Cambodia,,0,Sin registros,2018-2025,Cambodia<br>Modelos LLM notables: 0<br>Organizaciones principales: Sin registros,Counts one country participation per model; duplicated country participation is counted once per model.
Cameroon,,0,Sin registros,2018-2025,Cameroon<br>Modelos LLM notables: 0<br>Organizaciones principales: Sin registros,Counts one country participation per model; duplicated country participation is counted once per model.
Canada,CAN,9,Mila; McGill University; Cohere; CMU; MIT,2018-2025,"País: Canada
Modelos LLM notables: 9
Organizaciones principales: Mila; McGill University; Cohere; CMU; MIT
Periodo: 2018-2025",Counts one country participation per model; duplicated country names in a model were counted once.
Cape Verde,,0,Sin registros,2018-2025,Cape Verde<br>Modelos LLM notables: 0<br>Organizaciones principales: Sin registros,Counts one country participation per model; duplicated country participation is counted once per model.
Cayman Islands,,0,Sin registros,2018-2025,Cayman Islands<br>Modelos LLM notables: 0<br>Organizaciones principales: Sin registros,Counts one country participation per model; duplicated country participation is counted once per model.
Central African Republic,,0,Sin registros,2018-2025,Central African Republic<br>Modelos LLM notables: 0<br>Organizaciones principales: Sin registros,Counts one country participation per model; duplicated country participation is counted once per model.
Chad,,0,Sin registros,2018-2025,Chad<br>Modelos LLM notables: 0<br>Organizaciones principales: Sin registros,Counts one country participation per model; duplicated country participation is counted once per model.
Chile,,0,Sin registros,2018-2025,Chile<br>Modelos LLM notables: 0<br>Organizaciones principales: Sin registros,Counts one country participation per model; duplicated country participation is counted once per model.
China,CHN,109,Alibaba; Tsinghua University; Baidu; Z.ai / Zhipu AI; DeepSeek,2018-2025,"País: China
Modelos LLM notables: 109
Organizaciones principales: Alibaba; Tsinghua University; Baidu; Z.ai / Zhipu AI; DeepSeek
Periodo: 2018-2025",Counts one country participation per model; duplicated country names in a model were counted once.
Christmas Islands,,0,Sin registros,2018-2025,Christmas Islands<br>Modelos LLM notables: 0<br>Organizaciones principales: Sin registros,Counts one country participation per model; duplicated country participation is counted once per model.
Clipperton Island,,0,Sin registros,2018-2025,Clipperton Island<br>Modelos LLM notables: 0<br>Organizaciones principales: Sin registros,Counts one country participation per model; duplicated country participation is counted once per model.
Cocos Islands,,0,Sin registros,2018-2025,Cocos Islands<br>Modelos LLM notables: 0<br>Organizaciones principales: Sin registros,Counts one country participation per model; duplicated country participation is counted once per model.
Colombia,,0,Sin registros,2018-2025,Colombia<br>Modelos LLM notables: 0<br>Organizaciones principales: Sin registros,Counts one country participation per model; duplicated country participation is counted once per model.
Comoros,,0,Sin registros,2018-2025,Comoros<br>Modelos LLM notables: 0<br>Organizaciones principales: Sin registros,Counts one country participation per model; duplicated country participation is counted once per model.
Cook Islands,,0,Sin registros,2018-2025,Cook Islands<br>Modelos LLM notables: 0<br>Organizaciones principales: Sin registros,Counts one country participation per model; duplicated country participation is counted once per model.
Costa Rica,,0,Sin registros,2018-2025,Costa Rica<br>Modelos LLM notables: 0<br>Organizaciones principales: Sin registros,Counts one country participation per model; duplicated country participation is counted once per model.
Croatia,,0,Sin registros,2018-2025,Croatia<br>Modelos LLM notables: 0<br>Organizaciones principales: Sin registros,Counts one country participation per model; duplicated country participation is counted once per model.
Cuba,,0,Sin registros,2018-2025,Cuba<br>Modelos LLM notables: 0<br>Organizaciones principales: Sin registros,Counts one country participation per model; duplicated country participation is counted once per model.
Curaçao,,0,Sin registros,2018-2025,Curaçao<br>Modelos LLM notables: 0<br>Organizaciones principales: Sin registros,Counts one country participation per model; duplicated country participation is counted once per model.
Cyprus,,0,Sin registros,2018-2025,Cyprus<br>Modelos LLM notables: 0<br>Organizaciones principales: Sin registros,Counts one country participation per model; duplicated country participation is counted once per model.
Czech Republic,,0,Sin registros,2018-2025,Czech Republic<br>Modelos LLM notables: 0<br>Organizaciones principales: Sin registros,Counts one country participation per model; duplicated country participation is counted once per model.
Demchok,,0,Sin registros,2018-2025,Demchok<br>Modelos LLM notables: 0<br>Organizaciones principales: Sin registros,Counts one country participation per model; duplicated country participation is counted once per model.
Democratic Republic of the Congo,,0,Sin registros,2018-2025,Democratic Republic of the Congo<br>Modelos LLM notables: 0<br>Organizaciones principales: Sin registros,Counts one country participation per model; duplicated country participation is counted once per model.
Denmark,,0,Sin registros,2018-2025,Denmark<br>Modelos LLM notables: 0<br>Organizaciones principales: Sin registros,Counts one country participation per model; duplicated country participation is counted once per model.
Djibouti,,0,Sin registros,2018-2025,Djibouti<br>Modelos LLM notables: 0<br>Organizaciones principales: Sin registros,Counts one country participation per model; duplicated country participation is counted once per model.
Dominica,,0,Sin registros,2018-2025,Dominica<br>Modelos LLM notables: 0<br>Organizaciones principales: Sin registros,Counts one country participation per model; duplicated country participation is counted once per model.
Dominican Republic,,0,Sin registros,2018-2025,Dominican Republic<br>Modelos LLM notables: 0<br>Organizaciones principales: Sin registros,Counts one country participation per model; duplicated country participation is counted once per model.
East Timor,,0,Sin registros,2018-2025,East Timor<br>Modelos LLM notables: 0<br>Organizaciones principales: Sin registros,Counts one country participation per model; duplicated country participation is counted once per model.
Ecuador,,0,Sin registros,2018-2025,Ecuador<br>Modelos LLM notables: 0<br>Organizaciones principales: Sin registros,Counts one country participation per model; duplicated country participation is counted once per model.
Egypt,,0,Sin registros,2018-2025,Egypt<br>Modelos LLM notables: 0<br>Organizaciones principales: Sin registros,Counts one country participation per model; duplicated country participation is counted once per model.
El Salvador,,0,Sin registros,2018-2025,El Salvador<br>Modelos LLM notables: 0<br>Organizaciones principales: Sin registros,Counts one country participation per model; duplicated country participation is counted once per model.
Equatorial Guinea,,0,Sin registros,2018-2025,Equatorial Guinea<br>Modelos LLM notables: 0<br>Organizaciones principales: Sin registros,Counts one country participation per model; duplicated country participation is counted once per model.
Eritrea,,0,Sin registros,2018-2025,Eritrea<br>Modelos LLM notables: 0<br>Organizaciones principales: Sin registros,Counts one country participation per model; duplicated country participation is counted once per model.
Estonia,,0,Sin registros,2018-2025,Estonia<br>Modelos LLM notables: 0<br>Organizaciones principales: Sin registros,Counts one country participation per model; duplicated country participation is counted once per model.
Eswatini,,0,Sin registros,2018-2025,Eswatini<br>Modelos LLM notables: 0<br>Organizaciones principales: Sin registros,Counts one country participation per model; duplicated country participation is counted once per model.
Ethiopia,,0,Sin registros,2018-2025,Ethiopia<br>Modelos LLM notables: 0<br>Organizaciones principales: Sin registros,Counts one country participation per model; duplicated country participation is counted once per model.
Falkland Islands,,0,Sin registros,2018-2025,Falkland Islands<br>Modelos LLM notables: 0<br>Organizaciones principales: Sin registros,Counts one country participation per model; duplicated country participation is counted once per model.
Faroe Islands,,0,Sin registros,2018-2025,Faroe Islands<br>Modelos LLM notables: 0<br>Organizaciones principales: Sin registros,Counts one country participation per model; duplicated country participation is counted once per model.
Federated States of Micronesia,,0,Sin registros,2018-2025,Federated States of Micronesia<br>Modelos LLM notables: 0<br>Organizaciones principales: Sin registros,Counts one country participation per model; duplicated country participation is counted once per model.
Fiji,,0,Sin registros,2018-2025,Fiji<br>Modelos LLM notables: 0<br>Organizaciones principales: Sin registros,Counts one country participation per model; duplicated country participation is counted once per model.
Finland,FIN,1,University of Turku; Hugging Face,2018-2025,"País: Finland
Modelos LLM notables: 1
Organizaciones principales: University of Turku; Hugging Face
Periodo: 2018-2025",Counts one country participation per model; duplicated country names in a model were counted once.
France,FRA,23,Meta; Mistral AI; INRIA; UC Berkeley; University of Washington,2018-2025,"País: France
Modelos LLM notables: 23
Organizaciones principales: Meta; Mistral AI; INRIA; UC Berkeley; University of Washington
Periodo: 2018-2025",Counts one country participation per model; duplicated country names in a model were counted once.
French Polynesia,,0,Sin registros,2018-2025,French Polynesia<br>Modelos LLM notables: 0<br>Organizaciones principales: Sin registros,Counts one country participation per model; duplicated country participation is counted once per model.
French Southern and Antarctic Lands,,0,Sin registros,2018-2025,French Southern and Antarctic Lands<br>Modelos LLM notables: 0<br>Organizaciones principales: Sin registros,Counts one country participation per model; duplicated country participation is counted once per model.
Gabon,,0,Sin registros,2018-2025,Gabon<br>Modelos LLM notables: 0<br>Organizaciones principales: Sin registros,Counts one country participation per model; duplicated country participation is counted once per model.
Georgia,,0,Sin registros,2018-2025,Georgia<br>Modelos LLM notables: 0<br>Organizaciones principales: Sin registros,Counts one country participation per model; duplicated country participation is counted once per model.
Germany,DEU,5,CMU; DeepL; Hugging Face; ServiceNow; Northeastern University,2018-2025,"País: Germany
Modelos LLM notables: 5
Organizaciones principales: CMU; DeepL; Hugging Face; ServiceNow; Northeastern University
Periodo: 2018-2025",Counts one country participation per model; duplicated country names in a model were counted once.
Ghana,,0,Sin registros,2018-2025,Ghana<br>Modelos LLM notables: 0<br>Organizaciones principales: Sin registros,Counts one country participation per model; duplicated country participation is counted once per model.
Gibraltar,,0,Sin registros,2018-2025,Gibraltar<br>Modelos LLM notables: 0<br>Organizaciones principales: Sin registros,Counts one country participation per model; duplicated country participation is counted once per model.
Greece,,0,Sin registros,2018-2025,Greece<br>Modelos LLM notables: 0<br>Organizaciones principales: Sin registros,Counts one country participation per model; duplicated country participation is counted once per model.
Greenland,,0,Sin registros,2018-2025,Greenland<br>Modelos LLM notables: 0<br>Organizaciones principales: Sin registros,Counts one country participation per model; duplicated country participation is counted once per model.
Grenada,,0,Sin registros,2018-2025,Grenada<br>Modelos LLM notables: 0<br>Organizaciones principales: Sin registros,Counts one country participation per model; duplicated country participation is counted once per model.
Guam,,0,Sin registros,2018-2025,Guam<br>Modelos LLM notables: 0<br>Organizaciones principales: Sin registros,Counts one country participation per model; duplicated country participation is counted once per model.
Guantanamo Bay Naval Base,,0,Sin registros,2018-2025,Guantanamo Bay Naval Base<br>Modelos LLM notables: 0<br>Organizaciones principales: Sin registros,Counts one country participation per model; duplicated country participation is counted once per model.
Guatemala,,0,Sin registros,2018-2025,Guatemala<br>Modelos LLM notables: 0<br>Organizaciones principales: Sin registros,Counts one country participation per model; duplicated country participation is counted once per model.
Guernsey,,0,Sin registros,2018-2025,Guernsey<br>Modelos LLM notables: 0<br>Organizaciones principales: Sin registros,Counts one country participation per model; duplicated country participation is counted once per model.
Guinea,,0,Sin registros,2018-2025,Guinea<br>Modelos LLM notables: 0<br>Organizaciones principales: Sin registros,Counts one country participation per model; duplicated country participation is counted once per model.
Guinea-Bissau,,0,Sin registros,2018-2025,Guinea-Bissau<br>Modelos LLM notables: 0<br>Organizaciones principales: Sin registros,Counts one country participation per model; duplicated country participation is counted once per model.
Guyana,,0,Sin registros,2018-2025,Guyana<br>Modelos LLM notables: 0<br>Organizaciones principales: Sin registros,Counts one country participation per model; duplicated country participation is counted once per model.
Haiti,,0,Sin registros,2018-2025,Haiti<br>Modelos LLM notables: 0<br>Organizaciones principales: Sin registros,Counts one country participation per model; duplicated country participation is counted once per model.
Heard Island and McDonald Islands,,0,Sin registros,2018-2025,Heard Island and McDonald Islands<br>Modelos LLM notables: 0<br>Organizaciones principales: Sin registros,Counts one country participation per model; duplicated country participation is counted once per model.
Honduras,,0,Sin registros,2018-2025,Honduras<br>Modelos LLM notables: 0<br>Organizaciones principales: Sin registros,Counts one country participation per model; duplicated country participation is counted once per model.
Hong Kong,HKG,7,Chinese University of Hong Kong (CUHK); Tsinghua University; Nanyang Technological University; Hong Kong University of Science and Technology (HKUST); SenseTime,2018-2025,"País: Hong Kong
Modelos LLM notables: 7
Organizaciones principales: Chinese University of Hong Kong (CUHK); Tsinghua University; Nanyang Technological University; Hong Kong University of Science and Technology (HKUST); SenseTime
Periodo: 2018-2025",Counts one country participation per model; duplicated country names in a model were counted once.
Howland Island,,0,Sin registros,2018-2025,Howland Island<br>Modelos LLM notables: 0<br>Organizaciones principales: Sin registros,Counts one country participation per model; duplicated country participation is counted once per model.
Hungary,,0,Sin registros,2018-2025,Hungary<br>Modelos LLM notables: 0<br>Organizaciones principales: Sin registros,Counts one country participation per model; duplicated country participation is counted once per model.
Iceland,,0,Sin registros,2018-2025,Iceland<br>Modelos LLM notables: 0<br>Organizaciones principales: Sin registros,Counts one country participation per model; duplicated country participation is counted once per model.
India,IND,2,Hugging Face; ServiceNow; Northeastern University; Mila; CMU,2018-2025,"País: India
Modelos LLM notables: 2
Organizaciones principales: Hugging Face; ServiceNow; Northeastern University; Mila; CMU
Periodo: 2018-2025",Counts one country participation per model; duplicated country names in a model were counted once.
Indonesia,,0,Sin registros,2018-2025,Indonesia<br>Modelos LLM notables: 0<br>Organizaciones principales: Sin registros,Counts one country participation per model; duplicated country participation is counted once per model.
Iran,,0,Sin registros,2018-2025,Iran<br>Modelos LLM notables: 0<br>Organizaciones principales: Sin registros,Counts one country participation per model; duplicated country participation is counted once per model.
Iraq,,0,Sin registros,2018-2025,Iraq<br>Modelos LLM notables: 0<br>Organizaciones principales: Sin registros,Counts one country participation per model; duplicated country participation is counted once per model.
Ireland,,0,Sin registros,2018-2025,Ireland<br>Modelos LLM notables: 0<br>Organizaciones principales: Sin registros,Counts one country participation per model; duplicated country participation is counted once per model.
Isle of Man,,0,Sin registros,2018-2025,Isle of Man<br>Modelos LLM notables: 0<br>Organizaciones principales: Sin registros,Counts one country participation per model; duplicated country participation is counted once per model.
Israel,ISR,5,AI2; MIT; Hugging Face; ServiceNow; Northeastern University,2018-2025,"País: Israel
Modelos LLM notables: 5
Organizaciones principales: AI2; MIT; Hugging Face; ServiceNow; Northeastern University
Periodo: 2018-2025",Counts one country participation per model; duplicated country names in a model were counted once.
Italy,,0,Sin registros,2018-2025,Italy<br>Modelos LLM notables: 0<br>Organizaciones principales: Sin registros,Counts one country participation per model; duplicated country participation is counted once per model.
Ivory Coast,,0,Sin registros,2018-2025,Ivory Coast<br>Modelos LLM notables: 0<br>Organizaciones principales: Sin registros,Counts one country participation per model; duplicated country participation is counted once per model.
Jamaica,,0,Sin registros,2018-2025,Jamaica<br>Modelos LLM notables: 0<br>Organizaciones principales: Sin registros,Counts one country participation per model; duplicated country participation is counted once per model.
Japan,JPN,3,rinna; University of Washington; National Institute of Informatics; NTT Communication Science Laboratories; Tohoku University,2018-2025,"País: Japan
Modelos LLM notables: 3
Organizaciones principales: rinna; University of Washington; National Institute of Informatics; NTT Communication Science Laboratories; Tohoku University
Periodo: 2018-2025",Counts one country participation per model; duplicated country names in a model were counted once.
Jarvis Island,,0,Sin registros,2018-2025,Jarvis Island<br>Modelos LLM notables: 0<br>Organizaciones principales: Sin registros,Counts one country participation per model; duplicated country participation is counted once per model.
Jersey,,0,Sin registros,2018-2025,Jersey<br>Modelos LLM notables: 0<br>Organizaciones principales: Sin registros,Counts one country participation per model; duplicated country participation is counted once per model.
Johnston Atoll,,0,Sin registros,2018-2025,Johnston Atoll<br>Modelos LLM notables: 0<br>Organizaciones principales: Sin registros,Counts one country participation per model; duplicated country participation is counted once per model.
Jordan,,0,Sin registros,2018-2025,Jordan<br>Modelos LLM notables: 0<br>Organizaciones principales: Sin registros,Counts one country participation per model; duplicated country participation is counted once per model.
Kazakhstan,,0,Sin registros,2018-2025,Kazakhstan<br>Modelos LLM notables: 0<br>Organizaciones principales: Sin registros,Counts one country participation per model; duplicated country participation is counted once per model.
Kenya,,0,Sin registros,2018-2025,Kenya<br>Modelos LLM notables: 0<br>Organizaciones principales: Sin registros,Counts one country participation per model; duplicated country participation is counted once per model.
Kingman Reef,,0,Sin registros,2018-2025,Kingman Reef<br>Modelos LLM notables: 0<br>Organizaciones principales: Sin registros,Counts one country participation per model; duplicated country participation is counted once per model.
Kiribati,,0,Sin registros,2018-2025,Kiribati<br>Modelos LLM notables: 0<br>Organizaciones principales: Sin registros,Counts one country participation per model; duplicated country participation is counted once per model.
Kosovo,,0,Sin registros,2018-2025,Kosovo<br>Modelos LLM notables: 0<br>Organizaciones principales: Sin registros,Counts one country participation per model; duplicated country participation is counted once per model.
Kuwait,,0,Sin registros,2018-2025,Kuwait<br>Modelos LLM notables: 0<br>Organizaciones principales: Sin registros,Counts one country participation per model; duplicated country participation is counted once per model.
Kyrgyzstan,,0,Sin registros,2018-2025,Kyrgyzstan<br>Modelos LLM notables: 0<br>Organizaciones principales: Sin registros,Counts one country participation per model; duplicated country participation is counted once per model.
Laos,,0,Sin registros,2018-2025,Laos<br>Modelos LLM notables: 0<br>Organizaciones principales: Sin registros,Counts one country participation per model; duplicated country participation is counted once per model.
Latvia,,0,Sin registros,2018-2025,Latvia<br>Modelos LLM notables: 0<br>Organizaciones principales: Sin registros,Counts one country participation per model; duplicated country participation is counted once per model.
Lebanon,,0,Sin registros,2018-2025,Lebanon<br>Modelos LLM notables: 0<br>Organizaciones principales: Sin registros,Counts one country participation per model; duplicated country participation is counted once per model.
Lesotho,,0,Sin registros,2018-2025,Lesotho<br>Modelos LLM notables: 0<br>Organizaciones principales: Sin registros,Counts one country participation per model; duplicated country participation is counted once per model.
Liberia,,0,Sin registros,2018-2025,Liberia<br>Modelos LLM notables: 0<br>Organizaciones principales: Sin registros,Counts one country participation per model; duplicated country participation is counted once per model.
Libya,,0,Sin registros,2018-2025,Libya<br>Modelos LLM notables: 0<br>Organizaciones principales: Sin registros,Counts one country participation per model; duplicated country participation is counted once per model.
Liechtenstein,,0,Sin registros,2018-2025,Liechtenstein<br>Modelos LLM notables: 0<br>Organizaciones principales: Sin registros,Counts one country participation per model; duplicated country participation is counted once per model.
Lithuania,,0,Sin registros,2018-2025,Lithuania<br>Modelos LLM notables: 0<br>Organizaciones principales: Sin registros,Counts one country participation per model; duplicated country participation is counted once per model.
Luxembourg,,0,Sin registros,2018-2025,Luxembourg<br>Modelos LLM notables: 0<br>Organizaciones principales: Sin registros,Counts one country participation per model; duplicated country participation is counted once per model.
Macau,,0,Sin registros,2018-2025,Macau<br>Modelos LLM notables: 0<br>Organizaciones principales: Sin registros,Counts one country participation per model; duplicated country participation is counted once per model.
Madagascar,,0,Sin registros,2018-2025,Madagascar<br>Modelos LLM notables: 0<br>Organizaciones principales: Sin registros,Counts one country participation per model; duplicated country participation is counted once per model.
Malawi,,0,Sin registros,2018-2025,Malawi<br>Modelos LLM notables: 0<br>Organizaciones principales: Sin registros,Counts one country participation per model; duplicated country participation is counted once per model.
Malaysia,,0,Sin registros,2018-2025,Malaysia<br>Modelos LLM notables: 0<br>Organizaciones principales: Sin registros,Counts one country participation per model; duplicated country participation is counted once per model.
Maldives,,0,Sin registros,2018-2025,Maldives<br>Modelos LLM notables: 0<br>Organizaciones principales: Sin registros,Counts one country participation per model; duplicated country participation is counted once per model.
Mali,,0,Sin registros,2018-2025,Mali<br>Modelos LLM notables: 0<br>Organizaciones principales: Sin registros,Counts one country participation per model; duplicated country participation is counted once per model.
Malta,,0,Sin registros,2018-2025,Malta<br>Modelos LLM notables: 0<br>Organizaciones principales: Sin registros,Counts one country participation per model; duplicated country participation is counted once per model.
Marshall Islands,,0,Sin registros,2018-2025,Marshall Islands<br>Modelos LLM notables: 0<br>Organizaciones principales: Sin registros,Counts one country participation per model; duplicated country participation is counted once per model.
Mauritania,,0,Sin registros,2018-2025,Mauritania<br>Modelos LLM notables: 0<br>Organizaciones principales: Sin registros,Counts one country participation per model; duplicated country participation is counted once per model.
Mauritius,,0,Sin registros,2018-2025,Mauritius<br>Modelos LLM notables: 0<br>Organizaciones principales: Sin registros,Counts one country participation per model; duplicated country participation is counted once per model.
Mexico,,0,Sin registros,2018-2025,Mexico<br>Modelos LLM notables: 0<br>Organizaciones principales: Sin registros,Counts one country participation per model; duplicated country participation is counted once per model.
Midway Island,,0,Sin registros,2018-2025,Midway Island<br>Modelos LLM notables: 0<br>Organizaciones principales: Sin registros,Counts one country participation per model; duplicated country participation is counted once per model.
Moldova,,0,Sin registros,2018-2025,Moldova<br>Modelos LLM notables: 0<br>Organizaciones principales: Sin registros,Counts one country participation per model; duplicated country participation is counted once per model.
Monaco,,0,Sin registros,2018-2025,Monaco<br>Modelos LLM notables: 0<br>Organizaciones principales: Sin registros,Counts one country participation per model; duplicated country participation is counted once per model.
Mongolia,,0,Sin registros,2018-2025,Mongolia<br>Modelos LLM notables: 0<br>Organizaciones principales: Sin registros,Counts one country participation per model; duplicated country participation is counted once per model.
Montenegro,,0,Sin registros,2018-2025,Montenegro<br>Modelos LLM notables: 0<br>Organizaciones principales: Sin registros,Counts one country participation per model; duplicated country participation is counted once per model.
Montserrat,,0,Sin registros,2018-2025,Montserrat<br>Modelos LLM notables: 0<br>Organizaciones principales: Sin registros,Counts one country participation per model; duplicated country participation is counted once per model.
Morocco,,0,Sin registros,2018-2025,Morocco<br>Modelos LLM notables: 0<br>Organizaciones principales: Sin registros,Counts one country participation per model; duplicated country participation is counted once per model.
Mozambique,,0,Sin registros,2018-2025,Mozambique<br>Modelos LLM notables: 0<br>Organizaciones principales: Sin registros,Counts one country participation per model; duplicated country participation is counted once per model.
Myanmar,,0,Sin registros,2018-2025,Myanmar<br>Modelos LLM notables: 0<br>Organizaciones principales: Sin registros,Counts one country participation per model; duplicated country participation is counted once per model.
Namibia,,0,Sin registros,2018-2025,Namibia<br>Modelos LLM notables: 0<br>Organizaciones principales: Sin registros,Counts one country participation per model; duplicated country participation is counted once per model.
Nauru,,0,Sin registros,2018-2025,Nauru<br>Modelos LLM notables: 0<br>Organizaciones principales: Sin registros,Counts one country participation per model; duplicated country participation is counted once per model.
Navassa Island,,0,Sin registros,2018-2025,Navassa Island<br>Modelos LLM notables: 0<br>Organizaciones principales: Sin registros,Counts one country participation per model; duplicated country participation is counted once per model.
Nepal,,0,Sin registros,2018-2025,Nepal<br>Modelos LLM notables: 0<br>Organizaciones principales: Sin registros,Counts one country participation per model; duplicated country participation is counted once per model.
Netherlands,NLD,1,Hugging Face; ServiceNow; Northeastern University; Mila; CMU,2018-2025,"País: Netherlands
Modelos LLM notables: 1
Organizaciones principales: Hugging Face; ServiceNow; Northeastern University; Mila; CMU
Periodo: 2018-2025",Counts one country participation per model; duplicated country names in a model were counted once.
New Caledonia,,0,Sin registros,2018-2025,New Caledonia<br>Modelos LLM notables: 0<br>Organizaciones principales: Sin registros,Counts one country participation per model; duplicated country participation is counted once per model.
New Zealand,,0,Sin registros,2018-2025,New Zealand<br>Modelos LLM notables: 0<br>Organizaciones principales: Sin registros,Counts one country participation per model; duplicated country participation is counted once per model.
Nicaragua,,0,Sin registros,2018-2025,Nicaragua<br>Modelos LLM notables: 0<br>Organizaciones principales: Sin registros,Counts one country participation per model; duplicated country participation is counted once per model.
Niger,,0,Sin registros,2018-2025,Niger<br>Modelos LLM notables: 0<br>Organizaciones principales: Sin registros,Counts one country participation per model; duplicated country participation is counted once per model.
Nigeria,,0,Sin registros,2018-2025,Nigeria<br>Modelos LLM notables: 0<br>Organizaciones principales: Sin registros,Counts one country participation per model; duplicated country participation is counted once per model.
Niue,,0,Sin registros,2018-2025,Niue<br>Modelos LLM notables: 0<br>Organizaciones principales: Sin registros,Counts one country participation per model; duplicated country participation is counted once per model.
Norfolk Island,,0,Sin registros,2018-2025,Norfolk Island<br>Modelos LLM notables: 0<br>Organizaciones principales: Sin registros,Counts one country participation per model; duplicated country participation is counted once per model.
North Korea,,0,Sin registros,2018-2025,North Korea<br>Modelos LLM notables: 0<br>Organizaciones principales: Sin registros,Counts one country participation per model; duplicated country participation is counted once per model.
Northern Mariana Islands,,0,Sin registros,2018-2025,Northern Mariana Islands<br>Modelos LLM notables: 0<br>Organizaciones principales: Sin registros,Counts one country participation per model; duplicated country participation is counted once per model.
Norway,NOR,1,Johannes Kepler University Linz; Institute of Advanced Research in Artificial Intelligence; University of Oslo,2018-2025,"País: Norway
Modelos LLM notables: 1
Organizaciones principales: Johannes Kepler University Linz; Institute of Advanced Research in Artificial Intelligence; University of Oslo
Periodo: 2018-2025",Counts one country participation per model; duplicated country names in a model were counted once.
Oman,,0,Sin registros,2018-2025,Oman<br>Modelos LLM notables: 0<br>Organizaciones principales: Sin registros,Counts one country participation per model; duplicated country participation is counted once per model.
Pakistan,,0,Sin registros,2018-2025,Pakistan<br>Modelos LLM notables: 0<br>Organizaciones principales: Sin registros,Counts one country participation per model; duplicated country participation is counted once per model.
Palau,,0,Sin registros,2018-2025,Palau<br>Modelos LLM notables: 0<br>Organizaciones principales: Sin registros,Counts one country participation per model; duplicated country participation is counted once per model.
Palestine,,0,Sin registros,2018-2025,Palestine<br>Modelos LLM notables: 0<br>Organizaciones principales: Sin registros,Counts one country participation per model; duplicated country participation is counted once per model.
Palmyra Atoll,,0,Sin registros,2018-2025,Palmyra Atoll<br>Modelos LLM notables: 0<br>Organizaciones principales: Sin registros,Counts one country participation per model; duplicated country participation is counted once per model.
Panama,,0,Sin registros,2018-2025,Panama<br>Modelos LLM notables: 0<br>Organizaciones principales: Sin registros,Counts one country participation per model; duplicated country participation is counted once per model.
Papua New Guinea,,0,Sin registros,2018-2025,Papua New Guinea<br>Modelos LLM notables: 0<br>Organizaciones principales: Sin registros,Counts one country participation per model; duplicated country participation is counted once per model.
Paraguay,,0,Sin registros,2018-2025,Paraguay<br>Modelos LLM notables: 0<br>Organizaciones principales: Sin registros,Counts one country participation per model; duplicated country participation is counted once per model.
Peru,,0,Sin registros,2018-2025,Peru<br>Modelos LLM notables: 0<br>Organizaciones principales: Sin registros,Counts one country participation per model; duplicated country participation is counted once per model.
Philippines,,0,Sin registros,2018-2025,Philippines<br>Modelos LLM notables: 0<br>Organizaciones principales: Sin registros,Counts one country participation per model; duplicated country participation is counted once per model.
Pitcairn Islands,,0,Sin registros,2018-2025,Pitcairn Islands<br>Modelos LLM notables: 0<br>Organizaciones principales: Sin registros,Counts one country participation per model; duplicated country participation is counted once per model.
Poland,,0,Sin registros,2018-2025,Poland<br>Modelos LLM notables: 0<br>Organizaciones principales: Sin registros,Counts one country participation per model; duplicated country participation is counted once per model.
Portugal,,0,Sin registros,2018-2025,Portugal<br>Modelos LLM notables: 0<br>Organizaciones principales: Sin registros,Counts one country participation per model; duplicated country participation is counted once per model.
Puerto Rico,,0,Sin registros,2018-2025,Puerto Rico<br>Modelos LLM notables: 0<br>Organizaciones principales: Sin registros,Counts one country participation per model; duplicated country participation is counted once per model.
Qatar,,0,Sin registros,2018-2025,Qatar<br>Modelos LLM notables: 0<br>Organizaciones principales: Sin registros,Counts one country participation per model; duplicated country participation is counted once per model.
Republic of Macedonia,,0,Sin registros,2018-2025,Republic of Macedonia<br>Modelos LLM notables: 0<br>Organizaciones principales: Sin registros,Counts one country participation per model; duplicated country participation is counted once per model.
Republic of the Congo,,0,Sin registros,2018-2025,Republic of the Congo<br>Modelos LLM notables: 0<br>Organizaciones principales: Sin registros,Counts one country participation per model; duplicated country participation is counted once per model.
Romania,,0,Sin registros,2018-2025,Romania<br>Modelos LLM notables: 0<br>Organizaciones principales: Sin registros,Counts one country participation per model; duplicated country participation is counted once per model.
Russia,RUS,1,Samsung R&D Institute Russia,2018-2025,"País: Russia
Modelos LLM notables: 1
Organizaciones principales: Samsung R&D Institute Russia
Periodo: 2018-2025",Counts one country participation per model; duplicated country names in a model were counted once.
Rwanda,,0,Sin registros,2018-2025,Rwanda<br>Modelos LLM notables: 0<br>Organizaciones principales: Sin registros,Counts one country participation per model; duplicated country participation is counted once per model.
Saba,,0,Sin registros,2018-2025,Saba<br>Modelos LLM notables: 0<br>Organizaciones principales: Sin registros,Counts one country participation per model; duplicated country participation is counted once per model.
Saint Helena,,0,Sin registros,2018-2025,Saint Helena<br>Modelos LLM notables: 0<br>Organizaciones principales: Sin registros,Counts one country participation per model; duplicated country participation is counted once per model.
Saint Kitts and Nevis,,0,Sin registros,2018-2025,Saint Kitts and Nevis<br>Modelos LLM notables: 0<br>Organizaciones principales: Sin registros,Counts one country participation per model; duplicated country participation is counted once per model.
Saint Lucia,,0,Sin registros,2018-2025,Saint Lucia<br>Modelos LLM notables: 0<br>Organizaciones principales: Sin registros,Counts one country participation per model; duplicated country participation is counted once per model.
Saint Martin,,0,Sin registros,2018-2025,Saint Martin<br>Modelos LLM notables: 0<br>Organizaciones principales: Sin registros,Counts one country participation per model; duplicated country participation is counted once per model.
Saint Pierre and Miquelon,,0,Sin registros,2018-2025,Saint Pierre and Miquelon<br>Modelos LLM notables: 0<br>Organizaciones principales: Sin registros,Counts one country participation per model; duplicated country participation is counted once per model.
Saint Vincent and the Grenadines,,0,Sin registros,2018-2025,Saint Vincent and the Grenadines<br>Modelos LLM notables: 0<br>Organizaciones principales: Sin registros,Counts one country participation per model; duplicated country participation is counted once per model.
Saint-Barthélemy,,0,Sin registros,2018-2025,Saint-Barthélemy<br>Modelos LLM notables: 0<br>Organizaciones principales: Sin registros,Counts one country participation per model; duplicated country participation is counted once per model.
Samoa,,0,Sin registros,2018-2025,Samoa<br>Modelos LLM notables: 0<br>Organizaciones principales: Sin registros,Counts one country participation per model; duplicated country participation is counted once per model.
San Marino,,0,Sin registros,2018-2025,San Marino<br>Modelos LLM notables: 0<br>Organizaciones principales: Sin registros,Counts one country participation per model; duplicated country participation is counted once per model.
São Tomé and Príncipe,,0,Sin registros,2018-2025,São Tomé and Príncipe<br>Modelos LLM notables: 0<br>Organizaciones principales: Sin registros,Counts one country participation per model; duplicated country participation is counted once per model.
Saudi Arabia,SAU,2,Saudi Data and Artificial Intelligence Authority; Saudi Aramco,2018-2025,"País: Saudi Arabia
Modelos LLM notables: 2
Organizaciones principales: Saudi Data and Artificial Intelligence Authority; Saudi Aramco
Periodo: 2018-2025",Counts one country participation per model; duplicated country names in a model were counted once.
Senegal,,0,Sin registros,2018-2025,Senegal<br>Modelos LLM notables: 0<br>Organizaciones principales: Sin registros,Counts one country participation per model; duplicated country participation is counted once per model.
Serbia,,0,Sin registros,2018-2025,Serbia<br>Modelos LLM notables: 0<br>Organizaciones principales: Sin registros,Counts one country participation per model; duplicated country participation is counted once per model.
Seychelles,,0,Sin registros,2018-2025,Seychelles<br>Modelos LLM notables: 0<br>Organizaciones principales: Sin registros,Counts one country participation per model; duplicated country participation is counted once per model.
Sierra Leone,,0,Sin registros,2018-2025,Sierra Leone<br>Modelos LLM notables: 0<br>Organizaciones principales: Sin registros,Counts one country participation per model; duplicated country participation is counted once per model.
Singapore,SGP,9,Nanyang Technological University; Hong Kong University of Science and Technology (HKUST); Salesforce; Sapient Intelligence; Tsinghua University,2018-2025,"País: Singapore
Modelos LLM notables: 9
Organizaciones principales: Nanyang Technological University; Hong Kong University of Science and Technology (HKUST); Salesforce; Sapient Intelligence; Tsinghua University
Periodo: 2018-2025",Counts one country participation per model; duplicated country names in a model were counted once.
Sint Eustatius,,0,Sin registros,2018-2025,Sint Eustatius<br>Modelos LLM notables: 0<br>Organizaciones principales: Sin registros,Counts one country participation per model; duplicated country participation is counted once per model.
Sint Maarten,,0,Sin registros,2018-2025,Sint Maarten<br>Modelos LLM notables: 0<br>Organizaciones principales: Sin registros,Counts one country participation per model; duplicated country participation is counted once per model.
Slovakia,,0,Sin registros,2018-2025,Slovakia<br>Modelos LLM notables: 0<br>Organizaciones principales: Sin registros,Counts one country participation per model; duplicated country participation is counted once per model.
Slovenia,,0,Sin registros,2018-2025,Slovenia<br>Modelos LLM notables: 0<br>Organizaciones principales: Sin registros,Counts one country participation per model; duplicated country participation is counted once per model.
Solomon Islands,,0,Sin registros,2018-2025,Solomon Islands<br>Modelos LLM notables: 0<br>Organizaciones principales: Sin registros,Counts one country participation per model; duplicated country participation is counted once per model.
Somalia,,0,Sin registros,2018-2025,Somalia<br>Modelos LLM notables: 0<br>Organizaciones principales: Sin registros,Counts one country participation per model; duplicated country participation is counted once per model.
South Africa,,0,Sin registros,2018-2025,South Africa<br>Modelos LLM notables: 0<br>Organizaciones principales: Sin registros,Counts one country participation per model; duplicated country participation is counted once per model.
South Georgia and the South Sandwich Islands,,0,Sin registros,2018-2025,South Georgia and the South Sandwich Islands<br>Modelos LLM notables: 0<br>Organizaciones principales: Sin registros,Counts one country participation per model; duplicated country participation is counted once per model.
South Korea,KOR,13,LG AI Research; Korea University; NAVER; Samsung; Upstage,2018-2025,"País: South Korea
Modelos LLM notables: 13
Organizaciones principales: LG AI Research; Korea University; NAVER; Samsung; Upstage
Periodo: 2018-2025",Counts one country participation per model; duplicated country names in a model were counted once.
South Sudan,,0,Sin registros,2018-2025,South Sudan<br>Modelos LLM notables: 0<br>Organizaciones principales: Sin registros,Counts one country participation per model; duplicated country participation is counted once per model.
Spain,ESP,1,Hugging Face; ServiceNow; Northeastern University; Mila; CMU,2018-2025,"País: Spain
Modelos LLM notables: 1
Organizaciones principales: Hugging Face; ServiceNow; Northeastern University; Mila; CMU
Periodo: 2018-2025",Counts one country participation per model; duplicated country names in a model were counted once.
Sri Lanka,,0,Sin registros,2018-2025,Sri Lanka<br>Modelos LLM notables: 0<br>Organizaciones principales: Sin registros,Counts one country participation per model; duplicated country participation is counted once per model.
Sudan,,0,Sin registros,2018-2025,Sudan<br>Modelos LLM notables: 0<br>Organizaciones principales: Sin registros,Counts one country participation per model; duplicated country participation is counted once per model.
Suriname,,0,Sin registros,2018-2025,Suriname<br>Modelos LLM notables: 0<br>Organizaciones principales: Sin registros,Counts one country participation per model; duplicated country participation is counted once per model.
Sweden,SWE,1,Hugging Face; ServiceNow; Northeastern University; Mila; CMU,2018-2025,"País: Sweden
Modelos LLM notables: 1
Organizaciones principales: Hugging Face; ServiceNow; Northeastern University; Mila; CMU
Periodo: 2018-2025",Counts one country participation per model; duplicated country names in a model were counted once.
Switzerland,CHE,1,IDIAP,2018-2025,"País: Switzerland
Modelos LLM notables: 1
Organizaciones principales: IDIAP
Periodo: 2018-2025",Counts one country participation per model; duplicated country names in a model were counted once.
Syria,,0,Sin registros,2018-2025,Syria<br>Modelos LLM notables: 0<br>Organizaciones principales: Sin registros,Counts one country participation per model; duplicated country participation is counted once per model.
Tajikistan,,0,Sin registros,2018-2025,Tajikistan<br>Modelos LLM notables: 0<br>Organizaciones principales: Sin registros,Counts one country participation per model; duplicated country participation is counted once per model.
Tanzania,,0,Sin registros,2018-2025,Tanzania<br>Modelos LLM notables: 0<br>Organizaciones principales: Sin registros,Counts one country participation per model; duplicated country participation is counted once per model.
Thailand,,0,Sin registros,2018-2025,Thailand<br>Modelos LLM notables: 0<br>Organizaciones principales: Sin registros,Counts one country participation per model; duplicated country participation is counted once per model.
The Bahamas,,0,Sin registros,2018-2025,The Bahamas<br>Modelos LLM notables: 0<br>Organizaciones principales: Sin registros,Counts one country participation per model; duplicated country participation is counted once per model.
The Gambia,,0,Sin registros,2018-2025,The Gambia<br>Modelos LLM notables: 0<br>Organizaciones principales: Sin registros,Counts one country participation per model; duplicated country participation is counted once per model.
Togo,,0,Sin registros,2018-2025,Togo<br>Modelos LLM notables: 0<br>Organizaciones principales: Sin registros,Counts one country participation per model; duplicated country participation is counted once per model.
Tokelau,,0,Sin registros,2018-2025,Tokelau<br>Modelos LLM notables: 0<br>Organizaciones principales: Sin registros,Counts one country participation per model; duplicated country participation is counted once per model.
Tonga,,0,Sin registros,2018-2025,Tonga<br>Modelos LLM notables: 0<br>Organizaciones principales: Sin registros,Counts one country participation per model; duplicated country participation is counted once per model.
Trinidad and Tobago,,0,Sin registros,2018-2025,Trinidad and Tobago<br>Modelos LLM notables: 0<br>Organizaciones principales: Sin registros,Counts one country participation per model; duplicated country participation is counted once per model.
Tunisia,,0,Sin registros,2018-2025,Tunisia<br>Modelos LLM notables: 0<br>Organizaciones principales: Sin registros,Counts one country participation per model; duplicated country participation is counted once per model.
Turkey,,0,Sin registros,2018-2025,Turkey<br>Modelos LLM notables: 0<br>Organizaciones principales: Sin registros,Counts one country participation per model; duplicated country participation is counted once per model.
Turkmenistan,,0,Sin registros,2018-2025,Turkmenistan<br>Modelos LLM notables: 0<br>Organizaciones principales: Sin registros,Counts one country participation per model; duplicated country participation is counted once per model.
Turks and Caicos Islands,,0,Sin registros,2018-2025,Turks and Caicos Islands<br>Modelos LLM notables: 0<br>Organizaciones principales: Sin registros,Counts one country participation per model; duplicated country participation is counted once per model.
Tuvalu,,0,Sin registros,2018-2025,Tuvalu<br>Modelos LLM notables: 0<br>Organizaciones principales: Sin registros,Counts one country participation per model; duplicated country participation is counted once per model.
Uganda,,0,Sin registros,2018-2025,Uganda<br>Modelos LLM notables: 0<br>Organizaciones principales: Sin registros,Counts one country participation per model; duplicated country participation is counted once per model.
Ukraine,,0,Sin registros,2018-2025,Ukraine<br>Modelos LLM notables: 0<br>Organizaciones principales: Sin registros,Counts one country participation per model; duplicated country participation is counted once per model.
United Arab Emirates,ARE,3,Technology Innovation Institute; Cerebras Systems; Mohamed bin Zayed University of Artificial Intelligence (MBZ; Inception G42,2018-2025,"País: United Arab Emirates
Modelos LLM notables: 3
Organizaciones principales: Technology Innovation Institute; Cerebras Systems; Mohamed bin Zayed University of Artificial Intelligence (MBZ; Inception G42
Periodo: 2018-2025",Counts one country participation per model; duplicated country names in a model were counted once.
United Kingdom,GBR,20,Google/DeepMind; University College London (UCL); Mila; McGill University; MIT,2018-2025,"País: United Kingdom
Modelos LLM notables: 20
Organizaciones principales: Google/DeepMind; University College London (UCL); Mila; McGill University; MIT
Periodo: 2018-2025",Counts one country participation per model; duplicated country names in a model were counted once.
United Nations Buffer Zone in Cyprus,,0,Sin registros,2018-2025,United Nations Buffer Zone in Cyprus<br>Modelos LLM notables: 0<br>Organizaciones principales: Sin registros,Counts one country participation per model; duplicated country participation is counted once per model.
United States of America,USA,266,Google/DeepMind; OpenAI; Meta; Microsoft; NVIDIA,2018-2025,"País: United States of America
Modelos LLM notables: 266
Organizaciones principales: Google/DeepMind; OpenAI; Meta; Microsoft; NVIDIA
Periodo: 2018-2025",Counts one country participation per model; duplicated country names in a model were counted once.
United States Virgin Islands,,0,Sin registros,2018-2025,United States Virgin Islands<br>Modelos LLM notables: 0<br>Organizaciones principales: Sin registros,Counts one country participation per model; duplicated country participation is counted once per model.
Uruguay,,0,Sin registros,2018-2025,Uruguay<br>Modelos LLM notables: 0<br>Organizaciones principales: Sin registros,Counts one country participation per model; duplicated country participation is counted once per model.
Uzbekistan,,0,Sin registros,2018-2025,Uzbekistan<br>Modelos LLM notables: 0<br>Organizaciones principales: Sin registros,Counts one country participation per model; duplicated country participation is counted once per model.
Vanuatu,,0,Sin registros,2018-2025,Vanuatu<br>Modelos LLM notables: 0<br>Organizaciones principales: Sin registros,Counts one country participation per model; duplicated country participation is counted once per model.
Vatican City,,0,Sin registros,2018-2025,Vatican City<br>Modelos LLM notables: 0<br>Organizaciones principales: Sin registros,Counts one country participation per model; duplicated country participation is counted once per model.
Venezuela,,0,Sin registros,2018-2025,Venezuela<br>Modelos LLM notables: 0<br>Organizaciones principales: Sin registros,Counts one country participation per model; duplicated country participation is counted once per model.
Vietnam,,0,Sin registros,2018-2025,Vietnam<br>Modelos LLM notables: 0<br>Organizaciones principales: Sin registros,Counts one country participation per model; duplicated country participation is counted once per model.
Wake Island,,0,Sin registros,2018-2025,Wake Island<br>Modelos LLM notables: 0<br>Organizaciones principales: Sin registros,Counts one country participation per model; duplicated country participation is counted once per model.
Wallis and Futuna,,0,Sin registros,2018-2025,Wallis and Futuna<br>Modelos LLM notables: 0<br>Organizaciones principales: Sin registros,Counts one country participation per model; duplicated country participation is counted once per model.
Western Sahara,,0,Sin registros,2018-2025,Western Sahara<br>Modelos LLM notables: 0<br>Organizaciones principales: Sin registros,Counts one country participation per model; duplicated country participation is counted once per model.
Yemen,,0,Sin registros,2018-2025,Yemen<br>Modelos LLM notables: 0<br>Organizaciones principales: Sin registros,Counts one country participation per model; duplicated country participation is counted once per model.
Zambia,,0,Sin registros,2018-2025,Zambia<br>Modelos LLM notables: 0<br>Organizaciones principales: Sin registros,Counts one country participation per model; duplicated country participation is counted once per model.
Zimbabwe,,0,Sin registros,2018-2025,Zimbabwe<br>Modelos LLM notables: 0<br>Organizaciones principales: Sin registros,Counts one country participation per model; duplicated country participation is counted once per model.
